/*
 Navicat Premium Data Transfer

 Source Server         : 神癫癫
 Source Server Type    : MySQL
 Source Server Version : 50718
 Source Host           : 59.110.228.215
 Source Database       : sdd

 Target Server Type    : MySQL
 Target Server Version : 50718
 File Encoding         : utf-8

 Date: 08/30/2017 01:03:38 AM
*/

SET NAMES utf8mb4;
SET FOREIGN_KEY_CHECKS = 0;

-- ----------------------------
--  Table structure for `jt_column_dic`
-- ----------------------------
DROP TABLE IF EXISTS `jt_column_dic`;
CREATE TABLE `jt_column_dic` (
  `ID` int(11) NOT NULL AUTO_INCREMENT,
  `TABLE_NAME` varchar(30) NOT NULL DEFAULT '' COMMENT '表名称',
  `TABLE_COLUMN` varchar(30) NOT NULL DEFAULT '' COMMENT '表字段',
  `DIC_ID` int(11) DEFAULT NULL COMMENT '数据字典ID',
  PRIMARY KEY (`ID`)
) ENGINE=InnoDB AUTO_INCREMENT=7 DEFAULT CHARSET=utf8;

-- ----------------------------
--  Records of `jt_column_dic`
-- ----------------------------
BEGIN;
INSERT INTO `jt_column_dic` VALUES ('1', 'JT_USER', 'STATUS', null), ('2', 'JT_MENU', 'MENU_TYPE', null), ('3', 'p2p_activity', 'status', '10'), ('4', 'p2p_activity', 'isFirst', '15'), ('5', 'p2p_post_order', 'status', '21'), ('6', 'p2p_platform', 'status', '27');
COMMIT;

-- ----------------------------
--  Table structure for `jt_dictionaries`
-- ----------------------------
DROP TABLE IF EXISTS `jt_dictionaries`;
CREATE TABLE `jt_dictionaries` (
  `DICTIONARIES_ID` int(11) NOT NULL AUTO_INCREMENT,
  `NAME` varchar(50) NOT NULL DEFAULT '' COMMENT '名称',
  `BIANMA` varchar(30) NOT NULL DEFAULT '' COMMENT '编码',
  `ORDER_BY` int(11) NOT NULL DEFAULT '0' COMMENT '排序',
  `PARENT_ID` int(11) NOT NULL DEFAULT '0' COMMENT '父ID',
  `STYLE` varchar(100) DEFAULT '' COMMENT '样式',
  PRIMARY KEY (`DICTIONARIES_ID`)
) ENGINE=InnoDB AUTO_INCREMENT=34 DEFAULT CHARSET=utf8;

-- ----------------------------
--  Records of `jt_dictionaries`
-- ----------------------------
BEGIN;
INSERT INTO `jt_dictionaries` VALUES ('1', '状态', '1', '2', '0', ''), ('2', '类型', '004', '1', '0', ''), ('3', '菜单类型', 'MENU_TYPE', '1', '2', ''), ('4', '菜单', '1', '1', '3', ''), ('5', '功能', '2', '2', '3', ''), ('6', '用户状态', 'USER_STATUS', '1', '1', ''), ('7', '正常', '1', '1', '6', ''), ('8', '禁用', '2', '2', '6', ''), ('9', '冻结', '3', '3', '6', ''), ('10', '活动状态', 'ACTIVITY_STATUS', '2', '1', null), ('11', '正常', '1', '1', '10', 'label label-success arrowed'), ('12', '满额', '2', '2', '10', 'label label-warning arrowed'), ('13', '暂停', '3', '3', '10', 'label label-danger arrowed'), ('14', '结束', '4', '4', '10', 'label label-warning arrowed'), ('15', '首复投', 'IS_FIRST', '2', '2', null), ('16', '首投', '1', '1', '15', null), ('17', '复投', '2', '2', '15', null), ('18', '是否标志', 'YES_NO', '3', '1', null), ('19', '否', '0', '1', '18', null), ('20', '是', '1', '2', '18', null), ('21', '交单状态', 'POST_ORDER_STATUS', '4', '1', null), ('22', '待审核', '0', '1', '21', null), ('23', '已完成', '1', '2', '21', null), ('24', '审核中', '2', '3', '21', null), ('25', '被驳回', '3', '4', '21', null), ('26', '未知', '4', '5', '21', null), ('27', '平台状态', 'PLATFORM_STATUS', '5', '1', null), ('28', '正常', '1', '1', '27', null), ('29', '提现困难', '2', '2', '27', null), ('30', '限制提现', '3', '3', '27', null), ('31', '平台失联', '4', '4', '27', null), ('32', '停业', '5', '5', '27', null), ('33', '跑路', '6', '6', '27', null);
COMMIT;

-- ----------------------------
--  Table structure for `jt_menu`
-- ----------------------------
DROP TABLE IF EXISTS `jt_menu`;
CREATE TABLE `jt_menu` (
  `MENU_ID` int(11) NOT NULL AUTO_INCREMENT,
  `MENU_NAME` varchar(50) NOT NULL DEFAULT '' COMMENT '菜单/按钮名称',
  `MENU_URL` varchar(100) NOT NULL DEFAULT '' COMMENT '菜单/按钮URL',
  `PARENT_ID` varchar(20) NOT NULL DEFAULT '' COMMENT '父ID',
  `MENU_ORDER` int(11) NOT NULL DEFAULT '0' COMMENT '排序',
  `MENU_ICON` varchar(60) NOT NULL DEFAULT '' COMMENT '图标',
  `MENU_TYPE` char(1) NOT NULL DEFAULT '1' COMMENT '(1:菜单;2:按钮)',
  PRIMARY KEY (`MENU_ID`)
) ENGINE=InnoDB AUTO_INCREMENT=82 DEFAULT CHARSET=utf8;

-- ----------------------------
--  Records of `jt_menu`
-- ----------------------------
BEGIN;
INSERT INTO `jt_menu` VALUES ('34', '权限管理', '/permissionList', '42', '2', 'menu-icon fa fa-lock black', '1'), ('35', '数据字典  ', '/dictionariesList', '42', '5', 'menu-icon fa fa-book purple', '1'), ('36', '角色管理', '/roleList', '42', '3', 'menu-icon fa fa-laptop green', '1'), ('37', '下拉列表管理', '/pulldownList', '42', '6', 'menu-icon fa fa-lock black', '1'), ('38', '修改', 'dictionaries:edit', '7', '2', '', '2'), ('39', '添加', 'permission:add', '4', '1', 'xxx', '2'), ('40', '修改', 'permission:edit', '4', '2', 'xxx', '2'), ('41', '删除', 'permission:delete', '4', '3', 'xxx', '2'), ('42', '系统管理', '#', '0', '1', 'menu-icon fa fa-desktop blue', '1'), ('43', '删除', 'dictionaries:delete', '7', '3', '', '2'), ('44', '添加', 'dictionaries:add', '7', '1', 'xxx', '2'), ('45', '用户管理', '/userList', '42', '4', 'menu-icon fa fa-users red', '1'), ('46', '机构管理', '/organList', '42', '1', 'menu-icon fa fa-folder-open black', '1'), ('47', '用户权限', 'user:permission', '111', '1', '1', '2'), ('48', '角色权限', 'role:permission', '111', '2', '2', '2'), ('49', '修改', 'user:edit', '111', '3', '1', '2'), ('50', '删除', 'user:delete', '111', '4', '1', '2'), ('51', '添加', 'user:add', '111', '5', '1', '2'), ('52', '角色权限', 'role:rolePermission', '9', '1', '1', '2'), ('53', '修改', 'role:edit', '9', '2', '1', '2'), ('54', '删除', 'role:delete', '9', '3', '1', '2'), ('55', '添加', 'role:add', '9', '4', '1', '2'), ('56', '修改', 'pulldown:edit', '2', '1', '1', '2'), ('57', '删除', 'pulldown:delete', '2', '2', '1', '2'), ('58', '添加', 'pulldown:add', '2', '3', '1', '2'), ('59', '修改', 'organ:edit', '112', '1', '1', '2'), ('60', '删除', 'organ:delete', '112', '2', '1', '2'), ('61', '添加', 'organ:add', '112', '3', '1', '2'), ('62', '重置密码', 'user:reset', '111', '6', '', '2'), ('63', 'p2p管理', '#', '0', '2', 'menu-icon fa fa-desktop blue', '1'), ('64', '平台管理', '/invest/platformList', '63', '1', 'menu-icon fa fa-laptop green', '1'), ('65', '活动管理', '/invest/activityList', '63', '3', 'menu-icon fa fa-laptop green', '1'), ('66', '活动方案', '/invest/activityplanList', '63', '4', 'menu-icon fa fa-laptop green', '1'), ('67', '添加', 'invest/platform:add', '64', '1', '', '2'), ('68', ' 修改', 'invest/platform:edit', '64', '2', '', '2'), ('69', ' 删除', 'invest/platform:delete', '64', '3', '', '2'), ('70', ' 添加', 'invest/activity:add', '65', '1', '', '2'), ('71', '修改', 'invest/activity:edit', '65', '2', '', '2'), ('72', '删除', 'invest/activity:delete', '65', '3', '', '2'), ('73', ' 添加', 'invest/activityplan:add', '66', '1', '', '2'), ('74', '修改', 'invest/activityplan:edit', '66', '2', '', '2'), ('75', '删除', 'invest/activityplan:delete', '66', '3', '', '2'), ('76', '交单记录', '/invest/postorderList', '63', '4', 'menu-icon fa fa-laptop green', '1'), ('77', ' 添加', 'invest/postorder:add', '76', '1', '', '2'), ('78', '修改', 'invest/postorder:edit', '76', '2', '', '2'), ('79', '删除', 'invest/postorder:delete', '76', '3', '', '2'), ('80', ' 通过', 'invest/postorder:pass', '76', '0', '', '2'), ('81', ' 统计报表', '/invest/Report', '63', '5', 'menu-icon fa fa-laptop green', '1');
COMMIT;

-- ----------------------------
--  Table structure for `jt_organ`
-- ----------------------------
DROP TABLE IF EXISTS `jt_organ`;
CREATE TABLE `jt_organ` (
  `ORGAN_ID` varchar(20) NOT NULL DEFAULT '' COMMENT '机构编码',
  `PARENT_ID` varchar(20) NOT NULL DEFAULT '' COMMENT '父机构编码',
  `ORGAN_NAME` varchar(50) NOT NULL DEFAULT '' COMMENT '机构名称',
  PRIMARY KEY (`ORGAN_ID`)
) ENGINE=InnoDB DEFAULT CHARSET=utf8;

-- ----------------------------
--  Records of `jt_organ`
-- ----------------------------
BEGIN;
INSERT INTO `jt_organ` VALUES ('101', '0', '广州国开'), ('10101', '101', '上海国开'), ('1010101', '10101', '浦东国开'), ('1010102', '10101', '崇明国开'), ('10102', '101', '北京国开');
COMMIT;

-- ----------------------------
--  Table structure for `jt_role`
-- ----------------------------
DROP TABLE IF EXISTS `jt_role`;
CREATE TABLE `jt_role` (
  `ROLE_ID` int(11) NOT NULL AUTO_INCREMENT,
  `ROLE_NAME` varchar(50) NOT NULL DEFAULT '' COMMENT '角色名称',
  `ROLE_RIGHTS` varchar(1000) NOT NULL DEFAULT '' COMMENT '角色权限',
  `ORGAN_ID` varchar(50) NOT NULL DEFAULT '' COMMENT '机构id',
  PRIMARY KEY (`ROLE_ID`)
) ENGINE=InnoDB DEFAULT CHARSET=utf8;

-- ----------------------------
--  Table structure for `jt_user`
-- ----------------------------
DROP TABLE IF EXISTS `jt_user`;
CREATE TABLE `jt_user` (
  `USER_ID` int(11) NOT NULL AUTO_INCREMENT,
  `USER_NAME` varchar(30) NOT NULL DEFAULT '' COMMENT '登录用户名',
  `PASSWORD` char(32) NOT NULL DEFAULT '' COMMENT '用户密码',
  `REAL_NAME` varchar(50) NOT NULL DEFAULT '' COMMENT '真实姓名',
  `RIGHTS` varchar(1000) NOT NULL DEFAULT '' COMMENT '权限',
  `ROLE_RIGHTS` varchar(255) NOT NULL DEFAULT '' COMMENT '角色',
  `LAST_LOGIN` timestamp NULL DEFAULT NULL COMMENT '最后登录时间',
  `LOGIN_IP` varchar(15) NOT NULL DEFAULT '' COMMENT '登录IP',
  `STATUS` char(1) NOT NULL DEFAULT '' COMMENT '状态',
  `EMAIL` varchar(30) NOT NULL DEFAULT '' COMMENT '邮箱',
  `PHONE` varchar(15) NOT NULL DEFAULT '' COMMENT '电话',
  `ORGAN_ID` varchar(20) NOT NULL DEFAULT '' COMMENT '机构',
  PRIMARY KEY (`USER_ID`)
) ENGINE=InnoDB AUTO_INCREMENT=2 DEFAULT CHARSET=utf8;

-- ----------------------------
--  Records of `jt_user`
-- ----------------------------
BEGIN;
INSERT INTO `jt_user` VALUES ('1', 'admin', 'b59c67bf196a4758191e42f76670ceba', '可不可以', '2475880078570760532618379264', '0', null, '', '1', 'QQ313596790@main.com', '18788888888', '101');
COMMIT;

-- ----------------------------
--  Table structure for `jt_user_auths`
-- ----------------------------
DROP TABLE IF EXISTS `jt_user_auths`;
CREATE TABLE `jt_user_auths` (
  `Id` int(11) NOT NULL AUTO_INCREMENT,
  PRIMARY KEY (`Id`)
) ENGINE=InnoDB DEFAULT CHARSET=utf8;

-- ----------------------------
--  Table structure for `p2p_account`
-- ----------------------------
DROP TABLE IF EXISTS `p2p_account`;
CREATE TABLE `p2p_account` (
  `id` int(11) NOT NULL AUTO_INCREMENT,
  `account` char(11) NOT NULL DEFAULT '' COMMENT '账户(手机号)',
  `passwd` char(32) NOT NULL DEFAULT '' COMMENT '密码',
  `balance` double(11,2) NOT NULL DEFAULT '0.00' COMMENT '余额',
  `invest` double(11,2) DEFAULT '0.00' COMMENT '累计投资金额',
  `rebate` double(11,2) NOT NULL DEFAULT '0.00' COMMENT '已提现金额',
  `rebate_late` double(11,2) NOT NULL DEFAULT '0.00' COMMENT '待返现',
  `reward` double(11,2) NOT NULL DEFAULT '0.00' COMMENT '推荐奖励',
  `login_count` int(11) unsigned NOT NULL DEFAULT '0',
  `status` char(1) NOT NULL DEFAULT '0',
  `create_time` timestamp NOT NULL DEFAULT CURRENT_TIMESTAMP,
  `update_time` timestamp NOT NULL DEFAULT CURRENT_TIMESTAMP ON UPDATE CURRENT_TIMESTAMP,
  PRIMARY KEY (`id`)
) ENGINE=InnoDB AUTO_INCREMENT=2 DEFAULT CHARSET=utf8;

-- ----------------------------
--  Records of `p2p_account`
-- ----------------------------
BEGIN;
INSERT INTO `p2p_account` VALUES ('1', '13651619487', '827ccb0eea8a706c4c34a16891f84e7b', '481.00', '0.00', '0.00', '0.00', '0.00', '0', '0', '2017-08-21 22:29:08', '2017-08-29 14:19:49');
COMMIT;

-- ----------------------------
--  Table structure for `p2p_account_info`
-- ----------------------------
DROP TABLE IF EXISTS `p2p_account_info`;
CREATE TABLE `p2p_account_info` (
  `id` int(11) NOT NULL AUTO_INCREMENT,
  `account` char(11) NOT NULL DEFAULT '',
  `nick_name` varchar(30) NOT NULL DEFAULT '',
  `mail` varchar(50) NOT NULL DEFAULT '' COMMENT '邮箱',
  `alipay_account` varchar(50) NOT NULL DEFAULT '' COMMENT '支付宝账号',
  `qq` varchar(20) NOT NULL DEFAULT '',
  PRIMARY KEY (`id`)
) ENGINE=InnoDB AUTO_INCREMENT=2 DEFAULT CHARSET=utf8;

-- ----------------------------
--  Records of `p2p_account_info`
-- ----------------------------
BEGIN;
INSERT INTO `p2p_account_info` VALUES ('1', '13651619487', '神癫癫', '1004050304@qq.com', '13651619487@163.com', '1004050304');
COMMIT;

-- ----------------------------
--  Table structure for `p2p_activity`
-- ----------------------------
DROP TABLE IF EXISTS `p2p_activity`;
CREATE TABLE `p2p_activity` (
  `id` int(11) NOT NULL AUTO_INCREMENT,
  `platform_id` int(11) DEFAULT NULL COMMENT '平台id',
  `title` varchar(50) DEFAULT '' COMMENT '活动标题',
  `isFirst` char(1) DEFAULT '1' COMMENT '是否为首投类型(1:首投, 2:复投)',
  `bestName` varchar(30) NOT NULL DEFAULT '方案一' COMMENT '最佳方案名称',
  `bestDeposit` double(15,2) NOT NULL DEFAULT '0.00' COMMENT '最佳方案投资额',
  `bestMoney` double(15,2) NOT NULL DEFAULT '0.00' COMMENT '最佳方案返利额',
  `bestInterest` double(9,2) NOT NULL DEFAULT '0.00' COMMENT '最佳方案年化%',
  `joins` int(11) DEFAULT '0' COMMENT '交单人数',
  `status` char(1) NOT NULL DEFAULT '3' COMMENT '活动状态码(1:正常, 2:满额, 3:暂停, 4:结束)',
  `requiredImage` tinyint(1) DEFAULT '1' COMMENT '是否需要上传截图(1:否;2:是)',
  `requiredUsername` tinyint(1) DEFAULT '1' COMMENT '是否需要投资人用户名(1:否;2:是)',
  `url` varchar(255) DEFAULT '' COMMENT 'PC活动链接',
  `mobileUrl` varchar(255) DEFAULT '' COMMENT '手机活动链接',
  `content` varchar(10000) DEFAULT '' COMMENT 'HTML活动参与详细描述',
  `orderby` int(5) NOT NULL DEFAULT '0',
  PRIMARY KEY (`id`)
) ENGINE=InnoDB AUTO_INCREMENT=241 DEFAULT CHARSET=utf8 COMMENT='活动表';

-- ----------------------------
--  Records of `p2p_activity`
-- ----------------------------
BEGIN;
INSERT INTO `p2p_activity` VALUES ('10', '18', '第1期', '1', '方案一', '10000.00', '500.42', '60.89', '167', '2', '0', '0', 'http://c7.gg/q6f', 'http://c7.gg/q6f', '<p>\r\n	<span style=\"font-family:\'font-size:14px;line-height:28px;color:#FF0000;background-color:#FFFFFF;\">本渠道看不见新手标，不可以投新手标。限首投，投90天以上标，1万起上不封顶</span> \r\n</p>\r\n<p>\r\n	<span style=\"font-family:\'font-size:14px;line-height:28px;color:#FF0000;background-color:#FFFFFF;\">月标注意不要投资新手月标，一定要普通月标才行 限额1万</span> \r\n</p>\r\n<p>\r\n	<span style=\"color:#666666;font-family:\'font-size:14px;line-height:28px;background-color:#FFFFFF;\">方案一：</span> \r\n</p>\r\n<p style=\"color:#666666;font-family:\'font-size:14px;background-color:#FFFFFF;\">\r\n	1.通过<span>立即参与</span>进入网站并注册，手机或电脑注册，核对推荐码ydsyd004，掉单不补\r\n</p>\r\n<p style=\"color:#666666;font-family:\'font-size:14px;background-color:#FFFFFF;\">\r\n	2.单号1万起投，不限额。投资赢系90天标。\r\n</p>\r\n<p>\r\n	<span style=\"color:#FF0000;\">投资时禁止使用红包！！！！！，使用者无反，平台红包是自动抵扣，所以投资时要手动取消！！！！</span> \r\n</p>\r\n<p style=\"color:#666666;font-family:\'font-size:14px;background-color:#FFFFFF;\">\r\n	方案二：\r\n</p>\r\n<p style=\"color:#666666;font-family:\'font-size:14px;background-color:#FFFFFF;\">\r\n	1.通过<span>立即参与</span>进入网站并注册，<span style=\"color:#666666;font-family:\'font-size:14px;line-height:28px;background-color:#FFFFFF;\">手机或电脑注册，</span><span style=\"color:#666666;font-family:\'font-size:14px;line-height:28px;background-color:#FFFFFF;\">核对推荐码ydsyd004，</span><span style=\"color:#666666;font-family:\'font-size:14px;line-height:28px;background-color:#FFFFFF;\">掉单不补</span><span></span> \r\n</p>\r\n<p style=\"color:#666666;font-family:\'font-size:14px;background-color:#FFFFFF;\">\r\n	2.单号<span style=\"color:#666666;font-family:\'font-size:14px;line-height:28px;background-color:#FFFFFF;\">1万起投，不限额。投资赢系</span>6月标。\r\n</p>\r\n<p style=\"color:#666666;font-family:\'font-size:14px;background-color:#FFFFFF;\">\r\n	<span style=\"color:#FF0000;\">投资时禁止使用红包！！！！！，使用者无反，平台红包是自动抵扣，所以投资时要手动取消！！！！</span> \r\n</p>\r\n<p style=\"color:#666666;font-family:\'font-size:14px;background-color:#FFFFFF;\">\r\n	<br />\r\n</p>\r\n<p>\r\n	<br />\r\n</p>', '0'), ('11', '13', '第3期', '2', '方案2', '10000.00', '429.00', '34.80', '195', '4', '0', '1', 'http://91jinjindai.com/activity2/html/activity.jsp?ref=0947', 'http://91jinjindai.com/h5/m2/pages/register_login/register.html?ref=0947', '<p style=\"margin-top: 0px; margin-bottom: 1em; padding: 0px; -webkit-tap-highlight-color: rgba(0, 0, 0, 0); color: rgb(102, 102, 102); font-family: &#39;Helvetica Neue&#39;, Helvetica, &#39;PingFang SC&#39;, 微软雅黑, Tahoma, Arial, sans-serif; font-size: 14px; line-height: 28px; white-space: normal; background-color: rgb(255, 255, 255);\">通过<span style=\"margin: 0px; padding: 0px;\">立即参与</span>进入网站并注册，电脑手机均注册，注册过程不可刷新，掉单可补</p><p style=\"margin-top: 0px; margin-bottom: 1em; padding: 0px; -webkit-tap-highlight-color: rgba(0, 0, 0, 0); color: rgb(102, 102, 102); font-family: &#39;Helvetica Neue&#39;, Helvetica, &#39;PingFang SC&#39;, 微软雅黑, Tahoma, Arial, sans-serif; font-size: 14px; line-height: 28px; white-space: normal; background-color: rgb(255, 255, 255);\">单号1万起投，不限额。</p><p style=\"margin-top: 0px; margin-bottom: 1em; padding: 0px; -webkit-tap-highlight-color: rgba(0, 0, 0, 0); color: rgb(102, 102, 102); font-family: &#39;Helvetica Neue&#39;, Helvetica, &#39;PingFang SC&#39;, 微软雅黑, Tahoma, Arial, sans-serif; font-size: 14px; line-height: 28px; white-space: normal; background-color: rgb(255, 255, 255);\"><strong style=\"font-size: 14px;\"><span style=\"color: rgb(255, 0, 0);\">（红包不能用，使用红包无返现，复投月标无返现）</span></strong></p><p style=\"margin-top: 0px; margin-bottom: 1em; padding: 0px; -webkit-tap-highlight-color: rgba(0, 0, 0, 0); color: rgb(102, 102, 102); font-family: &#39;Helvetica Neue&#39;, Helvetica, &#39;PingFang SC&#39;, 微软雅黑, Tahoma, Arial, sans-serif; font-size: 14px; line-height: 28px; white-space: normal; background-color: rgb(255, 255, 255);\"><strong><span style=\"color: rgb(255, 0, 0);\">仅限7.11号以后通过金算盘注册的用户参加，之前注册的用户不可参加</span></strong><br/></p><p><br/></p>', '0'), ('12', '21', '第1期', '1', '方案一', '10000.00', '769.00', '31.19', '98', '1', '0', '1', 'http://www.ronghedai.com/?user&q=channel_set&channel=mjf&action=reg', '', '<p style=\"margin-top: 0px; margin-bottom: 1em; padding: 0px; -webkit-tap-highlight-color: rgba(0, 0, 0, 0); color: rgb(102, 102, 102); font-family: &#39;Helvetica Neue&#39;, Helvetica, &#39;PingFang SC&#39;, 微软雅黑, Tahoma, Arial, sans-serif; font-size: 14px; line-height: 28px; white-space: normal; background-color: rgb(255, 255, 255);\">方案一：</p><p style=\"margin-top: 0px; margin-bottom: 1em; padding: 0px; -webkit-tap-highlight-color: rgba(0, 0, 0, 0); color: rgb(102, 102, 102); font-family: &#39;Helvetica Neue&#39;, Helvetica, &#39;PingFang SC&#39;, 微软雅黑, Tahoma, Arial, sans-serif; font-size: 14px; line-height: 28px; white-space: normal; background-color: rgb(255, 255, 255);\">1.通过<span style=\"margin: 0px; padding: 0px; color: rgb(0, 0, 0);\">立即参与</span>进入网站并注册，必须电脑注册，注册过程不可刷新页面，掉单不补</p><p style=\"margin-top: 0px; margin-bottom: 1em; padding: 0px; -webkit-tap-highlight-color: rgba(0, 0, 0, 0); color: rgb(102, 102, 102); font-family: &#39;Helvetica Neue&#39;, Helvetica, &#39;PingFang SC&#39;, 微软雅黑, Tahoma, Arial, sans-serif; font-size: 14px; line-height: 28px; white-space: normal; background-color: rgb(255, 255, 255);\">2.单号1万起上不封顶，可无限复投，投3个月标</p><p><span style=\"color: rgb(51, 51, 51); font-family: -apple-system, BlinkMacSystemFont, &#39;PingFang SC&#39;, Helvetica, Tahoma, Arial, &#39;Hiragino Sans GB&#39;, &#39;Microsoft YaHei&#39;, 微软雅黑, SimSun, 宋体, Heiti, 黑体, sans-serif; font-size: 14.6667px; line-height: 24.9333px; background-color: rgb(255, 255, 255);\">三月标投资10元获得5积分。积分兑换现金花费之类！详情见官网&nbsp;</span></p>', '0'), ('13', '24', '第1期', '1', '方案一', '10000.00', '345.00', '41.98', '127', '1', '0', '0', 'http://www.zhongkejf.com/views/common/register.html?rcmCode=zcgov9gu', 'http://www.zhongkejf.com/views/common/register.html?rcmCode=zcgov9gu', '<p>1.通过立即参与进入网站并注册，电脑或手机注册，核对邀请码zcgov9gu，不会掉单，掉单不补；</p><p>2.单号1万起，可进行大额投资，限首投，投月月喜30天月标</p><p>3.如果有加息券，可以使用</p><p><br/></p>', '0'), ('20', '26', '第1期', '1', '方案三', '10000.00', '514.00', '31.27', '298', '1', '0', '0', 'https://www.bxjr.com/lc/channel/channel/share?mark=BX_GBL2_2016&taskId=PC', 'https://www.bxjr.com/lc/channel/channel/share?mark=BX_GBL2_2016&taskId=PC', '<p>手机电脑均可注册 自行查询后台，<span style=\"color: rgb(255, 0, 0);\">结算只结算到千位</span><br/></p><p>温馨提示：限投散标项目里的企业经营贷、助农贸易贷、供应链贸易金融、个人消费贷，投资30天及30天以上标，投其他标无效，渠道用户不可以投月月丰和债券转让以及新手标，限首投。</p><p>后台查询：<img src=\"/js/ueditor/themes/default/images/spacer.gif\"/>http://t.cn/RfUQ6mH</p><p>查询账号：channel_36357，登陆密码：111111<br/></p><p><br/></p>', '0'), ('22', '22', '第1期', '1', '方案一', '10000.00', '318.00', '38.69', '114', '1', '0', '0', 'http://www.58bank.com/?web3&hmsr=B01&hmpl=&hmcu=&hmkw=&hmci=', '', '<p>1.通过立即参与进入网站并注册，电脑手机均可注册，<span style=\"color: rgb(255, 0, 0);\">必须填写推荐人a006</span>，注册过程不可刷新，无后台直接做；</p><p>2.投资一月标10000-30000元整数。</p><p><br/></p>', '0'), ('24', '41', '第1期', '1', '方案一', '10000.00', '279.00', '33.95', '144', '1', '1', '0', 'https://www.zyxr.com/activity/html/spread_action.html?chl=tuofeng', 'https://www.zyxr.com/wapactivity/activity/activityKuayear.html?chl=tuofeng', '<p>1.通过立即参与进入网站并注册，注册过程不可刷新。</p><p>2.月标1-5万月标用30红包任意月标。</p><p>3.三月标单笔限额10万 三万用160 五万用300</p><p>（投资新手标，普通标均可)</p><p><span style=\"color: rgb(255, 0, 0);\">需要整万投资。千位不结算</span><br/></p><p style=\"white-space: normal;\"><br/></p><p style=\"white-space: normal;\"><br/></p>', '0'), ('27', '30', '第1期', '1', '方案一', '10000.00', '206.00', '25.06', '218', '1', '0', '1', 'http://v3.htyd50.com/register.html?rcode=4597440', '', '<p>方案一：</p><p>1.通过立即参与进入网站并注册，必须电脑注册，1万起投，单笔不限额度，只算首投，投资月标！<span style=\"color: rgb(255, 0, 0);\">红包以及以及投资卷渠道用户均不可以用，用了无返。</span></p><p><span style=\"color: rgb(255, 0, 0);\">核对邀请码lok666一定要核对</span></p><p><span style=\"color: rgb(255, 0, 0);\">温馨提示：旧版链接请勿在存管系统投，网站点击回到旧版投资。可以</span><span style=\"color: rgb(255, 0, 0);\">下载APP投，但要切换至旧版V3系统投标</span></p>', '0'), ('31', '33', '第1期', '1', '方案1', '10000.00', '402.00', '16.30', '113', '1', '1', '1', 'http://t.cn/RtJ5W2g', '', '<p>点击立即参与注册投资，<span style=\"color: rgb(255, 0, 0);\">必须电脑注册</span></p><p>投资3月标，后台查询：http://t.cn/RJYKJxJ（输入用户名查即可）</p><p>一个月内可复投，请参加复投活动<br/></p>', '0'), ('34', '32', '第1期', '1', '方案1', '10000.00', '652.00', '26.44', '90', '1', '1', '0', 'http://www.lichengdai.com/introduce2?rid=254', '', '<p>1.点立即参与后严禁刷新，<span style=\"color: rgb(255, 0, 0);\">必须电脑注册</span>，注册完成，无后台，直接做。</p><p>2.限投普通标，<span style=\"color: rgb(255, 0, 0);\">不可投专享标和新手标</span>，投了无返现，投多少充多少，必须投整万，只限首投，且投资时<span style=\"color: rgb(255, 0, 0);\">【严禁使用红包加息券】</span>，用的话无返。</p><p>PS:由于专享标手机APP不显示，所以必须用电脑投资，看清楚要求<br/></p>', '0'), ('35', '15', '第1期', '2', '方案一', '10000.00', '297.00', '24.09', '282', '1', '0', '0', 'http://www.huaguo.cn/register.jhtml?inviteCode=b4cc3effc7556359', 'http://www.huaguo.cn/register.jhtml?inviteCode=b4cc3effc7556359', '<p style=\"margin-top: 0px; margin-bottom: 1em; padding: 0px; -webkit-tap-highlight-color: rgba(0, 0, 0, 0); color: rgb(102, 102, 102); font-family: &#39;Helvetica Neue&#39;, Helvetica, &#39;PingFang SC&#39;, 微软雅黑, Tahoma, Arial, sans-serif; font-size: 14px; line-height: 28px; white-space: normal; background-color: rgb(255, 255, 255);\">当月注册当月可以复投 限额50万 全天任意时间投资都可以 只要是45天标<br/></p><p style=\"margin-top: 0px; margin-bottom: 1em; padding: 0px; -webkit-tap-highlight-color: rgba(0, 0, 0, 0); color: rgb(102, 102, 102); font-family: &#39;Helvetica Neue&#39;, Helvetica, &#39;PingFang SC&#39;, 微软雅黑, Tahoma, Arial, sans-serif; font-size: 14px; line-height: 28px; white-space: normal; background-color: rgb(255, 255, 255);\">1.通过<span style=\"margin: 0px; padding: 0px;\">立即参与</span>进入网站并注册，手机电脑均可注册，客户需自己填写邀请码<span style=\"color: rgb(255, 0, 0);\">18888</span>，掉单不补</p><p style=\"margin-top: 0px; margin-bottom: 1em; padding: 0px; -webkit-tap-highlight-color: rgba(0, 0, 0, 0); color: rgb(102, 102, 102); font-family: &#39;Helvetica Neue&#39;, Helvetica, &#39;PingFang SC&#39;, 微软雅黑, Tahoma, Arial, sans-serif; font-size: 14px; line-height: 28px; white-space: normal; background-color: rgb(255, 255, 255);\">2.单号1万起投，当天限投资20万。可累计复投，1万起投，当月累计投资限50万。</p><p style=\"margin-top: 0px; margin-bottom: 1em; padding: 0px; -webkit-tap-highlight-color: rgba(0, 0, 0, 0); color: rgb(102, 102, 102); font-family: &#39;Helvetica Neue&#39;, Helvetica, &#39;PingFang SC&#39;, 微软雅黑, Tahoma, Arial, sans-serif; font-size: 14px; line-height: 28px; white-space: normal; background-color: rgb(255, 255, 255);\">3.限投资（43-45天标）.可用投资金额相对应的红包</p><p style=\"margin-top: 0px; margin-bottom: 1em; padding: 0px; -webkit-tap-highlight-color: rgba(0, 0, 0, 0); color: rgb(102, 102, 102); font-family: &#39;Helvetica Neue&#39;, Helvetica, &#39;PingFang SC&#39;, 微软雅黑, Tahoma, Arial, sans-serif; font-size: 14px; line-height: 28px; white-space: normal; background-color: rgb(255, 255, 255);\"><span style=\"margin: 0px; padding: 0px;\"><span style=\"margin: 0px; padding: 0px; color: rgb(255, 0, 0);\">PS：客户需自己填写邀请码，客户需投对标期。</span></span></p>', '0'), ('37', '34', '第1期', '1', '方案一', '10000.00', '228.00', '27.74', '125', '1', '0', '0', 'http://t.cn/Ro71zyY', '', '<p>一单一换ip，必须电脑注册，投资可以用手机 注册过程不要刷新后退，首/复必须先查后台，掉单不补。</p><p>可以投新手月标和普通月标</p><p>注册查询：<img src=\"/js/ueditor/themes/default/images/spacer.gif\"/>http://t.cn/RSFe5z4&nbsp;<br/><br/>投资查询：<img src=\"/js/ueditor/themes/default/images/spacer.gif\"/>http://t.cn/RSFecp5&nbsp;<br/><br/></p><p><br/></p>', '0'), ('38', '16', '第2期', '1', '方案一', '10000.00', '188.00', '22.87', '145', '1', '0', '0', 'https://www.wanglibao.com/wechat/channel?channel=bdnb21', 'https://www.wanglibao.com/wechat/channel?channel=bdnb21', '<p style=\"margin-top: 0px; margin-bottom: 1em; padding: 0px; -webkit-tap-highlight-color: rgba(0, 0, 0, 0); color: rgb(102, 102, 102); font-family: &#39;Helvetica Neue&#39;, Helvetica, &#39;PingFang SC&#39;, 微软雅黑, Tahoma, Arial, sans-serif; font-size: 14px; line-height: 28px; white-space: normal; background-color: rgb(255, 255, 255);\"><span style=\"font-size: 14px;\">1.通过</span><span style=\"font-size: 14px; margin: 0px; padding: 0px; color: rgb(0, 0, 0);\">立即参与</span><span style=\"font-size: 14px;\">进入网站并注册，手机电脑均可注册，过程不要刷新，掉单不补</span></p><p style=\"margin-top: 0px; margin-bottom: 1em; padding: 0px; -webkit-tap-highlight-color: rgba(0, 0, 0, 0); color: rgb(102, 102, 102); font-family: &#39;Helvetica Neue&#39;, Helvetica, &#39;PingFang SC&#39;, 微软雅黑, Tahoma, Arial, sans-serif; font-size: 14px; line-height: 28px; white-space: normal; background-color: rgb(255, 255, 255);\">2.投1月直投标（限年化7%标的，新手标无返）；首投必须1W起</p><p style=\"margin-top: 0px; margin-bottom: 1em; padding: 0px; -webkit-tap-highlight-color: rgba(0, 0, 0, 0); color: rgb(102, 102, 102); font-family: &#39;Helvetica Neue&#39;, Helvetica, &#39;PingFang SC&#39;, 微软雅黑, Tahoma, Arial, sans-serif; font-size: 14px; line-height: 28px; white-space: normal; background-color: rgb(255, 255, 255);\">3.限投资 直投项目--30天 7%优选计划***月标</p><p style=\"margin-top: 0px; margin-bottom: 1em; padding: 0px; -webkit-tap-highlight-color: rgba(0, 0, 0, 0); color: rgb(102, 102, 102); font-family: &#39;Helvetica Neue&#39;, Helvetica, &#39;PingFang SC&#39;, 微软雅黑, Tahoma, Arial, sans-serif; font-size: 14px; line-height: 28px; white-space: normal; background-color: rgb(255, 255, 255);\"><strong><span style=\"color: rgb(255, 0, 0);\">注意：不能投资新手标&nbsp;</span></strong></p><p><br/></p>', '0'), ('39', '14', '第1期', '1', '方案一', '10000.00', '238.00', '28.96', '199', '1', '0', '1', 'http://www.moneytree33.com/register?un=7B199CB870DD4B253DB1D49ED35C0FEC', 'http://www.moneytree33.com/register?un=7B199CB870DD4B253DB1D49ED35C0FEC', '<p style=\"margin-top: 0px; margin-bottom: 1em; padding: 0px; -webkit-tap-highlight-color: rgba(0, 0, 0, 0); color: rgb(102, 102, 102); font-family: &#39;Helvetica Neue&#39;, Helvetica, &#39;PingFang SC&#39;, 微软雅黑, Tahoma, Arial, sans-serif; font-size: 14px; line-height: 28px; white-space: normal; background-color: rgb(255, 255, 255);\"><span style=\"font-size: 14px;\">1.通过立即参与进入网站并注册，电脑手机都可以注册，但是请自行核对邀请码grlxh111，看不见邀请码不要注册，掉单不补</span></p><p style=\"margin-top: 0px; margin-bottom: 1em; padding: 0px; -webkit-tap-highlight-color: rgba(0, 0, 0, 0); color: rgb(102, 102, 102); font-family: &#39;Helvetica Neue&#39;, Helvetica, &#39;PingFang SC&#39;, 微软雅黑, Tahoma, Arial, sans-serif; font-size: 14px; line-height: 28px; white-space: normal; background-color: rgb(255, 255, 255);\">2.一万起投，可复投，可以投资典当宝或小资宝。 投债权贷无返。<span style=\"color: rgb(51, 51, 51); font-family: -apple-system, BlinkMacSystemFont, &#39;PingFang SC&#39;, Helvetica, Tahoma, Arial, &#39;Hiragino Sans GB&#39;, &#39;Microsoft YaHei&#39;, 微软雅黑, SimSun, 宋体, Heiti, 黑体, sans-serif; font-size: 14.6667px; line-height: 24.9333px; background-color: rgb(255, 255, 255);\">投智能宝的匹配上典当宝或小资宝才能交单</span></p><p style=\"margin-top: 0px; margin-bottom: 1em; padding: 0px; -webkit-tap-highlight-color: rgba(0, 0, 0, 0); color: rgb(102, 102, 102); font-family: &#39;Helvetica Neue&#39;, Helvetica, &#39;PingFang SC&#39;, 微软雅黑, Tahoma, Arial, sans-serif; font-size: 14px; line-height: 28px; white-space: normal; background-color: rgb(255, 255, 255);\"><strong><span style=\"color: rgb(255, 0, 0);\">注意：投资标的成功后，到金算盘进行交单。结算到千位</span></strong></p><p><br/></p>', '0'), ('43', '49', '第2期', '1', '方案一', '10000.00', '482.00', '43.98', '64', '1', '0', '0', 'http://www.heyunchou.com/pc_reg/index.html?tg_type=1&ty_id=436b654b059c458398e73465e6d0dee4', '', '<p><span style=\"color: rgb(255, 0, 0);\">新要求：代金券和抵现券都不可以使用。只可以用加息。</span></p><p>复投活动已取消，1万起最多3万，超出的部分不结算，无后台，不查号，使用电脑注册。</p>', '0'), ('45', '52', '第1期', '1', '方案一', '10000.00', '317.00', '38.57', '165', '1', '0', '1', 'http://t.cn/RfAdmbH', 'http://t.cn/RfAdmbH', '<p style=\"white-space: normal;\">电脑或手机打开链接注册，注册后直接认证充值，投30天标&nbsp;</p><p style=\"white-space: normal;\">单号不限额可以复投！</p>', '0'), ('50', '56', '第1期', '1', '方案1', '1000.00', '52.00', '63.27', '66', '1', '0', '0', 'http://t.cn/R66R4Ks', 'http://t.cn/R6oQua4', '<p>点击立即参与注册</p><p>投资普通月标，不限额；</p>', '0'), ('54', '59', '第1期', '1', '方案1', '10000.00', '314.00', '38.20', '57', '1', '0', '0', 'http://www.cnhyb.com/cellPhoneinit.do?param=15336589109', 'http://www.cnhyb.com/cellPhoneinit.do?param=15336589109', '<p>手机电脑都可以注册，点击立即参与，核对邀请人15336589109直接注册，不要刷新</p><p>切记：充值的时候一定通过网上银行或者手机银行转账到华兴银行E账户，之后选择充值！（切莫通过中金充值进平台，中金支付的充值是T+1到账的。）</p><p><br/></p>', '0'), ('55', '66', '第1期', '2', '方案1', '10000.00', '299.00', '36.38', '36', '1', '0', '0', 'http://dwz.cn/5VU9Y8', '', '<p>点击立即参与注册，检查推荐人：&nbsp;<span style=\"color: rgb(255, 0, 0);\">外推022</span>，注册后查号</p><p>特别注意：带有“惠州”的项目不可投资，投资无返现。</p><p>新用户注册送58红包，投资10000使用</p><p>官方活动都可以参与有红包就能用，可复投套红包，返现价格一样，其他渠道老号可申请更换渠道；手机、电脑都可以做单，不限IP和设备</p>', '0'), ('59', '68', '第1期', '1', '方案1', '10000.00', '354.00', '41.68', '24', '1', '1', '0', '', 'https://www.hdmoney.cn/mobile/html/members/reg.html?from=yingkai&aop=1_1_1_11_1_1&lb1=M&lb5=CPS', '<p>点击立即参与手机注册</p><p>只限首投，1万起。投资无上限，新手标无效不结算！！！<span style=\"color: rgb(255, 0, 0);\">邀请码一定要填，c0091</span></p><p>标期 31-50天 目前存管版本无对应的标的，请走汇付版本参加活动</p>', '0'), ('69', '27', '第1期', '1', '方案1', '10000.00', '367.00', '38.27', '75', '1', '0', '0', 'https://www.jushengcaifu.com/main/finance?toFrom=305hxyxs3', 'http://m.jushengcaifu.com/tyj?wap=true&toFrom=305hxyxs2', '<p>点击立即参与，手机或者电脑注册，注册不要刷新后退，实名绑卡充值投资35天及以上标,必须一次性投资</p><p><br/></p>', '0'), ('72', '77', '第1期', '1', '方案1', '10000.00', '417.00', '50.73', '37', '1', '0', '0', 'http://www.alicar360.com/member/common/register?invite=5723', 'http://www.alicar360.com/member/common/register?invite=5723', '<p>点击立即参与，手机电脑都可以注册，注意邀请码<span style=\"color: rgb(255, 0, 0);\">5723</span></p><p><span style=\"color:#ff0000\">投资新手标。</span></p><p>PS：累积投资金额后可领取红包，可以提现，<span style=\"color: rgb(255, 0, 0);\">具体规则以平台为主</span></p><p><br/></p><p><br/></p><p><span style=\"color: rgb(255, 0, 0);\"><br/></span><br/></p>', '0'), ('77', '83', '第1期', '2', '方案一', '6000.00', '108.00', '21.90', '47', '1', '1', '0', '', 'https://www.qianshengqian.com/mobile/active/new_register/#/index.html?banner=1&tpl=introduction&btn=browser&ref=62c5533f17', '<p>首投灵通宝30天以上项目6000元&nbsp;</p><p>不能投资新手宝，不要用体验金，否则无反</p><p><br/></p>', '0'), ('84', '87', '第1期', '1', '方案1', '10000.00', '396.00', '48.18', '40', '1', '0', '0', '', 'http://www.fangjinnet.com/wx/download/index', '<p>点击立即参与 下载APP</p><p>打开APP-我的钱包-注册用户，填写邀请码17700006641（不填或填错不结算）</p><p>实名认证绑卡充值，APP底部理财产品-定期理财-房金月宝（30天）-立即购买</p><p>注意！！！只能投房金月宝，投错不结算，单笔投资上限20万元</p><p><br/></p>', '0'), ('86', '89', '第1期', '1', '方案1', '10000.00', '406.00', '49.40', '100', '1', '0', '0', 'https://www.putianjinan.com/load/gzzxc', '', '<p>点击立即参与，投资月标，推荐人不填</p><p><span style=\"color: rgb(255, 0, 0);\">红包金额以平台为准 有就可以用</span></p><p><span style=\"color:#ff0000\">6月28号上午11点10分更换新链接，28号之前和28号上午注册的如果现在再继续投资无返。11点10分之后注册的可以正常投资。</span></p>', '0'), ('87', '90', '第1期', '1', '方案1', '10000.00', '504.00', '61.32', '53', '1', '0', '0', 'https://xiaomd.com/Link4Se.action?from=TY520', 'https://m.xiaomd.com/Link4Se.action?from=TY520', '<p>点击立即参与新手和普通标都可以</p><p>可新手标，可普通月标，新手标收益高一些</p><p>（注意：新手标用不了红包，单笔最高是五万的，）</p><p>（新手标APP上只能投5K，电脑上才可以投5W）</p><p>（注意：普通标可以用红包，单笔不限 ）</p><p>红包多少具体看规则定</p><p>后台：<a href=\"https://www.xiaomd.com/userChannelQuery.action?from=TY520\" target=\"_blank\">https://www.xiaomd.com/userChannelQuery.action?from=TY520</a></p>', '0'), ('88', '91', '第1期', '1', '方案1', '10000.00', '439.00', '35.61', '19', '1', '0', '0', 'http://www.dslc.cn/regist.html?inviteCode=16xiao', 'http://wap.dslc.cn/regist.html?inviteCode=16xiao', '<p>点击立即参与注，走链接注册，不要刷新，限投45天标，最高额度1-5W</p>', '0'), ('89', '92', '第1期', '1', '方案1', '10000.00', '406.00', '49.40', '27', '1', '0', '0', 'http://goodlc.cn/?hphcod=wangdaiying', '', '<p>点击【立即参与】再点击【打开投资链接】跳转到好会理财网站后再点击【注册】即可。中途不要刷新不要关闭</p><p>备注：最高限3万，只结算首投，<span style=\"color: rgb(255, 0, 0);\">结算到万，千位不接算</span>，新手标不能投！大额可约标，名额有限！</p><p>加息券网站活动可以参加</p><p><br/></p>', '0'), ('101', '101', '第1期', '1', '方案1', '10000.00', '189.00', '22.99', '14', '1', '0', '0', 'http://www.rqbao.com/?utm_source=jinxiansheng', 'http://www.rqbao.com/rqb/ump_register.jsp?utm_source=jxsh5', '<p>注册核对后投资投资区间：月标首投限额1-5万，新手标、加息标不能投，只能投普通30天标，否则不结算</p><p>禁止参与官网其它活动。首次投资禁止使用注册红包，投加息标无效</p><p><br/></p><p><br/></p>', '0'), ('105', '104', '第1期', '1', '方案1', '10000.00', '244.00', '29.69', '9', '1', '0', '0', 'http://www.lexiangbao.com/invite/880011/register.htm', 'http://www.lexiangbao.com/invite/880011/register.htm', '<p>点立即参与注册账号</p><p>认准邀请码880011</p><p>无后台直接做；注册时和注册后都可以看到推荐人信息<br/></p><p><br/></p>', '0'), ('106', '105', '第1期', '1', '方案1', '10000.00', '301.00', '36.62', '15', '1', '0', '0', 'http://www.yongedai.com/index.php?user&q=action/reg&u=cmVnX2ludml0ZTEwMDE5NDY=', 'http://www.yongedai.com/index.php?user&q=action/reg&u=cmVnX2ludml0ZTEwMDE5NDY=', '<p>点击立即参与注册投资<br/></p>', '0'), ('108', '107', '第1期', '1', '方案1', '10000.00', '529.00', '42.91', '14', '1', '0', '0', 'http://t.cn/R6daHUm', 'http://t.cn/R6daHUm', '<p><span style=\"color: rgb(51, 51, 51); font-family: -apple-system, BlinkMacSystemFont, &#39;PingFang SC&#39;, Helvetica, Tahoma, Arial, &#39;Hiragino Sans GB&#39;, &#39;Microsoft YaHei&#39;, 微软雅黑, SimSun, 宋体, Heiti, 黑体, sans-serif; font-size: 14.6667px; line-height: 24.9333px; background-color: rgb(255, 255, 255);\">建议两万一个号 可以激活115的现金红包（一万只有15红包），要满标第二天，同卡充值3元（既通过绑定的银行卡充值3元，不可网银转账等），手动激活，提现免费</span></p><p><span style=\"color: rgb(51, 51, 51); font-family: -apple-system, BlinkMacSystemFont, &#39;PingFang SC&#39;, Helvetica, Tahoma, Arial, &#39;Hiragino Sans GB&#39;, &#39;Microsoft YaHei&#39;, 微软雅黑, SimSun, 宋体, Heiti, 黑体, sans-serif; font-size: 14.6667px; line-height: 24.9333px; background-color: rgb(255, 255, 255);\"><span style=\"color: rgb(51, 51, 51); font-family: -apple-system, BlinkMacSystemFont, &#39;PingFang SC&#39;, Helvetica, Tahoma, Arial, &#39;Hiragino Sans GB&#39;, &#39;Microsoft YaHei&#39;, 微软雅黑, SimSun, 宋体, Heiti, 黑体, sans-serif; font-size: 14.6667px; line-height: 24.9333px; background-color: rgb(255, 255, 255);\">可大额；限投45天标</span></span></p><p><span style=\"color: rgb(51, 51, 51); font-family: -apple-system, BlinkMacSystemFont, &#39;PingFang SC&#39;, Helvetica, Tahoma, Arial, &#39;Hiragino Sans GB&#39;, &#39;Microsoft YaHei&#39;, 微软雅黑, SimSun, 宋体, Heiti, 黑体, sans-serif; font-size: 14.6667px; line-height: 24.9333px; background-color: rgb(255, 255, 255);\"><span style=\"color: rgb(51, 51, 51); font-family: -apple-system, BlinkMacSystemFont, &#39;PingFang SC&#39;, Helvetica, Tahoma, Arial, &#39;Hiragino Sans GB&#39;, &#39;Microsoft YaHei&#39;, 微软雅黑, SimSun, 宋体, Heiti, 黑体, sans-serif; font-size: 14.6667px; line-height: 24.9333px; background-color: rgb(255, 255, 255);\"><span style=\"color: rgb(51, 51, 51); font-family: -apple-system, BlinkMacSystemFont, &#39;PingFang SC&#39;, Helvetica, Tahoma, Arial, &#39;Hiragino Sans GB&#39;, &#39;Microsoft YaHei&#39;, 微软雅黑, SimSun, 宋体, Heiti, 黑体, sans-serif; font-size: 14.6667px; line-height: 24.9333px; background-color: rgb(255, 255, 255);\">首投未到期可以复投（联系金算盘客服）；到期后复投不返现</span></span></span></p>', '0'), ('109', '108', '第1期', '1', '方案1', '10000.00', '417.00', '54.36', '14', '1', '0', '0', 'http://www.blizzardfund.com/?channelId=CHA201611110000000006', 'http://m.blizzardfund.com/?channelId=CHA201610130000000001', '<p>点击立即参与注册投资，限投28-35天标</p>', '0'), ('110', '109', '第1期', '1', '方案1', '10000.00', '444.00', '54.02', '145', '1', '0', '0', 'http://t.cn/RaaavKA', 'http://t.cn/RaaavKA', '<p>核对邀请码：MrJin<br/></p><p>满一万可幸运转盘抽奖。</p><p>抽奖获得的1000,2000，3000 的投资券投资的金额返现为0.2%</p><p><br/></p><p>新注册用户24小时内投资3月标及以上标期28888元获得精英会员资格并送6g金币.</p><p>新手专享521券使用方法5w-240券 &nbsp;3w-120券 &nbsp;1w-90券 &nbsp;5k-50券 &nbsp;1k-21券</p><p>专属VIP金币只能获得一次，不可重复获得</p><p>活动详情以官网为准。</p><p><span style=\"color: rgb(255, 0, 0);\">红包、代金券可以使用，但按实际投资金额结算</span></p><p><span style=\"color: rgb(255, 0, 0);\">!!!三天内可复投 &nbsp;,之后复投无效 &nbsp;按照注册时间算!!!</span></p><p><span style=\"color: rgb(255, 0, 0);\">当天晚上12点之前都算首投，超过则算复投数据。不查后台，直接注册投资就行！！！</span></p><p style=\"white-space: normal;\"><span class=\"author-4538122 b font-size-3\" style=\"font-size: 11pt;\"></span><br/></p><p>ICP证：</p><p><a href=\"https://www.baijindai.com/front/aboutUs/viewContent?type=7&id=2960\" target=\"_blank\">https://www.baijindai.com/front/aboutUs/viewContent?type=7&amp;id=2960</a></p><p>三级等保：</p><p><a href=\"https://www.baijindai.com/front/aboutUs/viewContent?type=7&id=2945\" target=\"_blank\">https://www.baijindai.com/front/aboutUs/viewContent?type=7&amp;id=2945</a></p><p>存管协议：</p><p><a href=\"https://www.baijindai.com/front/aboutUs/viewContent?id=2897&type=7\" target=\"_blank\">https://www.baijindai.com/front/aboutUs/viewContent?id=2897&amp;type=7</a>&nbsp;</p><p><br/></p><p><a href=\"http://mp.weixin.qq.com/s?__biz=MzAxOTI4MTc3Mg==&mid=2649885895&idx=1&sn=b9d5f71bc1d52a583c788ebf8dd75100&chksm=83cfcec4b4b847d2c77b0695d683131e29ec81cc2f9b8a6fa98893d2db2a25325e7583ecd91c&mpshare=1&scene=23&srcid=03113wF5eP54ojys106UjeP2#rd\" target=\"_blank\">2017考察第一季</a></p><p><br/></p>', '0'), ('115', '113', '第1期', '2', '方案1', '10000.00', '461.00', '37.39', '12', '1', '0', '0', 'https://www.zrcf.com.cn/reg?invite=17152', '', '<p>电脑链接注册，注册不要刷新后退</p><p>注意:新用户奖励红包:1w奖60，,3w奖100,5w奖160；平台投资奖励:45天标奖励投资额0.15%</p><p><br/></p>', '0'), ('116', '114', '第1期', '1', '方案1', '1000.00', '73.00', '88.82', '120', '1', '0', '0', 'https://www.baoton.com/user-register?r=2394', '', '<p>点击立即参与&nbsp;必须电脑走链接注册</p><p>注册看到邀请人为：13568959488可注册&nbsp;限首投</p><p>红包有就可以用 以平台红包规则为准</p>', '0'), ('118', '117', '第1期', '1', '方案1', '10000.00', '334.00', '40.64', '11', '1', '1', '0', 'http://www.hj-qz.com/360Register?urlparam=shzx', 'http://m.hj-qz.com/activity/exTension?wap=shzx', '<p>立即参与，电脑手机都可以注册</p><p>注意：投资30天标，限额2万!可以投保本，也可以投风险标但是可能赚更多也可能亏损，可以投保本标</p><p>不能复投，复投不结算。</p><p><span style=\"color: rgb(255, 0, 0);\">必须足额充值，如果有红包可以用 但必须是足额充值足额投资</span></p><p><br/></p>', '0'), ('119', '118', '第1期', '1', '方案1', '1000.00', '46.00', '55.97', '35', '1', '1', '1', 'http://www.guoshijr.com/index.php?user&q=reginvite&u=cmVnX2ludml0ZTMzODEx', '', '<p>点击立即参与&nbsp;</p><p>注意：红包平台活动都可参加！掉单可补！复投不结算！</p><p><br/></p>', '0'), ('120', '119', '第1期', '1', '方案1', '5000.00', '148.00', '36.01', '16', '1', '0', '0', 'https://www.hucun365.com/invitejoin/MTAwMDM2.html', 'https://m.hucun365.com/shareLandingm.do?inviteCode=MTAwMDM3', '<p>点击立即参与注册&nbsp;实名绑卡，</p><p>PC端链接(核对默认推荐码MTAwMDM2) 手机端链接(核对默认推荐码MTAwMDM3)</p><p>注册的时候一定要核对推荐码，注册完之后可以下载app投资，苹果和安卓系统都有app</p><p>PS：收益仅供参考，具体以平台活动收益为准</p><p><br/></p>', '0'), ('124', '123', '第1期', '1', '方案1', '5000.00', '275.00', '66.92', '38', '1', '0', '1', 'http://t.cn/RKoLbY9', 'http://t.cn/RKoLbY9', '<p>核对邀请人：wzty，注册别刷新，掉单不补，一般不会掉</p><p>先注册 再查后台</p><p>PS：一定要先查后台，掉单无返不补，账号：wzty 密码：wzty1234&nbsp;</p>', '0'), ('131', '128', '第1期', '1', '方案1', '2000.00', '109.00', '33.15', '1', '1', '0', '0', 'http://www.wowodai.cn/channel/ssixty/source/qsg', 'http://m.wowodai.cn/channel/ssixty/source/qsg', '<p>点击立即参与注册</p><p>注册送888红包，投资2000用30红包，投3000可使用50红包；投资10000元可使用200元红包</p><p>起投2000，不限额，2个月 &nbsp;只结算首投 &nbsp;不能复投</p><p>红包使用介绍：<br/><img src=\"/js/ueditor/themes/default/images/spacer.gif\"/>http://www.wowodai.cn/Channel/mysteriously/invite_code/3010&nbsp;<br/></p><p><br/></p>', '0'), ('133', '130', '第1期', '1', '方案1', '10000.00', '517.00', '31.45', '54', '1', '0', '0', '', 'http://t.cn/RSAymqW', '<p>手机链接注册，注册实名送300元红包，1%抵扣使用，充值投资60天/90天/3月标及以上标，可多次复投套红包，</p><p><span style=\"color: rgb(255, 0, 0);\">仅限注册一个月内可以复投，超过一个月复投查不到数据不结算&nbsp;</span></p><p>首投后平台再送388红包，结算投资总金额，结算千元整数倍。(<span style=\"color: rgb(255, 0, 0);\">不包括抵扣红包</span>)。<span style=\"color: rgb(255, 0, 0);\">单笔复投1千元以上，1千以下不予结算。</span>&nbsp;</p><p>交单:实际投资总金额(<span style=\"color: rgb(255, 0, 0);\">不包括红包金额</span>)</p><p>后台：帐户shangwu97&nbsp; 密码touzi123 登录官网点击邀请好友查注册</p>', '0'), ('138', '135', '第1期', '1', '方案1', '5000.00', '223.00', '18.09', '10', '1', '0', '0', 'https://www.iqianjin.com/event/20151229.jsp?utmSource=5187', '', '<p>点击立即参与注册投资 电脑注册<br/></p><p><span style=\"color: rgb(255, 0, 0);\">攻略：充值4950，三月标，选50红包</span></p><p><span style=\"color: rgb(255, 0, 0);\">红包以平台为准</span></p><p><span style=\"color: rgb(255, 0, 0);\">当天注册 当天投资 &nbsp;</span></p><p><br/></p>', '0'), ('139', '136', '第1期', '1', '方案1', '10000.00', '144.00', '75.09', '74', '1', '0', '0', 'http://m.jilibao168.com/wap/event/toRegister?channelId=101', 'http://m.jilibao168.com/wap/event/toRegister?channelId=101', '<p>点击链接注册，不要刷新</p><p>一单一IP，多号换IP注册&nbsp;限额3万，不能复投</p><p>充值投资新手7天标&nbsp;2万记得勾选使用80红包（只准使用80的红包，使用超过80红包无返现），1万没有红包</p>', '0'), ('147', '143', '第1期', '1', '方案1', '1000.00', '38.00', '46.23', '70', '1', '0', '0', 'https://www.jingdudai.com/help/activity?tjr=chaoyun', '', '<p>点击立即参与注册投资<br/></p><p>投资标期：月标，注意不能投新手月标，不能使用红包 结算到千位</p><p>车贷宝和定投宝都可以投</p><p><br/></p>', '0'), ('158', '148', '第1期', '1', '方案1', '10000.00', '380.00', '46.23', '4', '1', '0', '0', 'https://www.bairendai.cn/web/userLogin/forward_zc.html?code=W03OS', 'http://wx.bairendai.com/brd_wx//layout_new/zc.do?invCode=W03OS', '<p>点击立即参与注册<br/></p><p>确认邀请码W03OS，不会掉单</p><p>ps:由于单笔投资满1W需上传身份证，建议单笔以低于1W万的方式多次投资，例如投十万，建议分11次投资，10次9000+1次1000,这样可以不用传证）</p><p><br/></p>', '0'), ('159', '151', '第1期', '1', '方案1', '10000.00', '552.00', '67.16', '70', '1', '0', '0', 'http://www.yitoujf.com:8888/ytjf-web/account/go2pcchannelregister/1021/gyrl', 'http://www.yitoujf.com:8888/ytjf-static/go2channelregister/1021/gyrl', '<p><span style=\"color: rgb(51, 51, 51); font-family: -apple-system, BlinkMacSystemFont, &#39;PingFang SC&#39;, Helvetica, Tahoma, Arial, &#39;Hiragino Sans GB&#39;, &#39;Microsoft YaHei&#39;, 微软雅黑, SimSun, 宋体, Heiti, 黑体, sans-serif; font-size: 14.6667px; line-height: 24.9333px; background-color: rgb(255, 255, 255);\">点击立即参与，掉单可补，单笔最高10W，投资一月标，不限电脑手机，只有首投。可以用红包或用2%加息券。</span></p>', '0'), ('160', '152', '第1期', '1', '方案1', '5000.00', '168.00', '81.76', '177', '1', '0', '0', '', 'http://m.qianjialicai.com/qjfweb/wap/inviteActivityReg?inviterCode=8QiCpawv25168', '<p>手机注册成功后系统会提示&quot;您已获得邀请人158****8202赠与的加息1%特权&quot;,确认下邀请人手机号这个无掉单。</p><p>实名绑卡，限额5000-10W,投15天标，不能复投，连连支付，到期自动回卡。</p><p>如果有红包就可以用。</p><p><br/></p>', '0'), ('162', '154', '第1期', '1', '方案1', '10000.00', '234.00', '28.47', '39', '1', '0', '0', 'http://www.letou360.com/register?referrer=MTM5MTA1MDEwMDA', 'http://www.letou360.com/register?referrer=MTM5MTA1MDEwMDA', '<p><span style=\"color: rgb(51, 51, 51); font-family: -apple-system, BlinkMacSystemFont, &#39;PingFang SC&#39;, Helvetica, Tahoma, Arial, &#39;Hiragino Sans GB&#39;, &#39;Microsoft YaHei&#39;, 微软雅黑, SimSun, 宋体, Heiti, 黑体, sans-serif; font-size: 14.6667px; line-height: 24.9333px; background-color: rgb(255, 255, 255);\">必须看好默认邀请码13910501000。如果没有必须手动填写。（不填写邀请码不结算） 。无后台可查，只要有邀请码就不会掉。</span></p><p><span style=\"color: rgb(51, 51, 51); font-family: -apple-system, BlinkMacSystemFont, &#39;PingFang SC&#39;, Helvetica, Tahoma, Arial, &#39;Hiragino Sans GB&#39;, &#39;Microsoft YaHei&#39;, 微软雅黑, SimSun, 宋体, Heiti, 黑体, sans-serif; font-size: 14.6667px; line-height: 24.9333px; background-color: rgb(255, 255, 255);\">单号限额5k-15W，复投不限制可无限复投 复投单笔限额15万，</span><span style=\"font-family: -apple-system, BlinkMacSystemFont, &#39;PingFang SC&#39;, Helvetica, Tahoma, Arial, &#39;Hiragino Sans GB&#39;, &#39;Microsoft YaHei&#39;, 微软雅黑, SimSun, 宋体, Heiti, 黑体, sans-serif; font-size: 14.6667px; line-height: 24.9333px; color: rgb(255, 0, 0); background-color: rgb(255, 255, 255);\">必须投月标（不能投新手标，体验标，**天标不能投，红包不能用，切记，违反不结算）</span></p>', '0'), ('164', '155', '第1期', '1', '方案1', '1000.00', '14.00', '36.50', '12', '1', '0', '0', 'http://h5.001bank.com/html/activity/BD/BDactivity.html?inviteCode=F026', 'http://h5.001bank.com/html/activity/BD/BDactivity.html?inviteCode=F026', '<p>点击立即参与注册，手机电脑都可以注册</p><p>14天标， 14天标投资双周盈，1000起，只能首投</p><p>不可复投，复投无返</p><p><br/></p>', '0'), ('165', '156', '第1期', '1', '方案1', '10000.00', '410.00', '49.88', '69', '1', '0', '0', 'https://www.sxcfu.com/h5/user/register.html?inviteSource=by', 'https://www.sxcfu.com/h5/user/register.html?inviteSource=by', '<p>1.打开链接注册，邀请码不填，开通汇付。只记首投，官网第二个活动每天签到的自己研究</p><p>大于30天标</p><p>备注：复投无返，可根据自己需要套红包</p>', '0'), ('172', '150', '第1期', '1', '方案1', '10000.00', '467.00', '56.82', '10', '1', '0', '0', 'http://www.niuniujf.com/Public/register/invite_userid/27527', '', '<p>点击立即参与注册投资<br/></p><p>注意事项：单笔提现不要超过1W，必须低于1W，切记。分多次提现即可（否则要传证的），pc端只能用抵扣卷，复投无抵扣卷。</p>', '0'), ('174', '162', '第1期', '1', '方案1', '5000.00', '163.00', '39.66', '67', '1', '0', '1', 'http://www.js99cf.com/loginAndRegiste/register.html?recommendCode=6177D9F2188D531BFE06E444BCFD5384', '', '<p>5000起投 ，<span style=\"color: rgb(255, 0, 0);\">不能使用红包</span> 切记 &nbsp;投资不限额，可以复投.</p>', '0'), ('175', '163', '第1期', '1', '方案1', '5000.00', '124.00', '25.86', '7', '1', '0', '0', 'http://y0.cn/scnwdpz', 'http://y0.cn/scnwdpz', '<p>攻略：注册时核对邀请人【436321】</p><p>要求：新注册用户，限投企业特约标35天，投错其他标无返。</p><p>（开启理财树可获得理财金5000）</p><p>要求：只限<span style=\"text-decoration: none; color: rgb(255, 0, 0);\"><strong>企业特约标35天</strong></span>，投错其他标无返，5k起投，不限额 可复投</p><p><br/></p>', '0'), ('178', '165', '第1期', '1', '方案1', '10000.00', '119.00', '31.03', '22', '1', '0', '0', 'http://www.hzed.com/activity/pc20160622/?from=dingliu', '', '<p>点击立即参与注册投资</p><p>实名 绑卡 开通存管 充值</p><p>注意：投资标的【消费e贷】7-14天标！单笔不限额！首投复投都可结算！不限投资次数！</p><p>单笔投资总额随机拆分匹配投资不同的消费贷项目，7~14天项目随机匹配。</p><p>一万用8元红包 二万用18红包，三万以上50红包<br/></p>', '0'), ('182', '168', '第1期', '1', '方案1', '10000.00', '186.00', '22.63', '6', '1', '0', '0', '', 'https://m.dianniu98.com/wap/activity/anotherWapRegist.htm?channelSource=206', '<p>点击立即参与<br/></p><p>无后台，不查号。</p><p>投资方案：投资30天标（29天标不可投），限首投</p><p>可用红包以及体验金<br/></p>', '0'), ('184', '170', '第1期', '1', '方案1', '1000.00', '35.00', '42.58', '22', '1', '0', '1', 'http://t.cn/RXQM16y', '', '<p>点击立即参与&nbsp;</p><p>不查后台直接投资</p><p>【红包奖励】投资1k，红包18元；5k，红包38元；1w，红包78元；3w红包268元；5w，红包468元；10w，红包888元，红包可复投套取，首复投返点一样，返现不计算红包金额！</p><p>1k起步，结算到千，可复投套红包，可以投资新手月标，新手月标仅限首投，限额1w</p><p><br/></p>', '0'), ('193', '176', '第1期', '1', '方案1', '10000.00', '286.00', '34.80', '22', '1', '0', '0', 'https://jtdlicai.com/activity/tgzc_pc?channelId=57', '', '<p>点击立即参与 电脑注册</p><p>月标最高限额3万 2月标最高限额5万</p><p>使用体验金投资，之后才能获得998的红包，走链接注册后先使用体验金投资，之后获得红包，再进行平台正常标的投资（可用获得的红包）</p><p><br/></p>', '0'), ('194', '177', '第1期', '1', '方案1', '10000.00', '263.00', '27.43', '2', '1', '0', '0', 'http://t.cn/RotYgbE', '', '<p>点击立即参与<br/></p><p>35天标&nbsp;首次单笔整数1W-5W(只能投资<img src=\"/js/ueditor/themes/default/images/spacer.gif\"/>1.2.3.4.5）整万数&nbsp;<br/></p><p>做单时间，晚上12点-下午6点严格按照做单时间，否则无返现（除周六，周末，或节假日可以全天做单）</p><p><br/></p>', '0'), ('204', '183', '第1期', '1', '方案1', '10000.00', '436.00', '53.05', '10', '1', '0', '0', 'https://www.lezhudai.com/?action=platform.register_guide&r=280d5485f219c3f83385968cfe93712d', '', '<p>点击立即参与 电脑注册<br/></p><p>要求：投资月标，可以新手标，不可复投，红包可以用。单号限额20W</p><p><br/></p>', '0'), ('206', '184', '第1期', '1', '方案1', '10000.00', '298.00', '36.26', '29', '1', '0', '0', '', 'http://m.yfq360.com/found/channel?id=ZHONGYI', '<p>平台的活动都可以参加，限首投。<br/>1月标&nbsp;投1W=利息65+红包58+返现<br/>3月标&nbsp;投1W=利息265+红包108+返利&nbsp;</p><p>每天上午10点及下午2点放标&nbsp;</p><p><br/></p>', '0'), ('207', '185', '第1期', '1', '方案1', '10000.00', '325.00', '45.62', '41', '1', '0', '0', 'http://t.cn/RXB2bMn', '', '<p>必须电脑走链接注册</p><p>限首投，限投26-35天标，投资使用加息卷和正经值</p><p>注意：必须足额充值投资，结算不包括正经值和红包，比如投10000，必须充值10000，投10035用35正经值</p><p>注册页面的邀请人不用填写</p><p><br/></p>', '0'), ('210', '187', '第1期', '1', '方案1', '10000.00', '215.00', '52.32', '23', '1', '0', '0', 'http://www.yuxiangjr.com/member/common/register/invite/349739?from=singlemessage&isappinstalled=0', '', '<p>点击立即参与 电脑注册<br/></p><p>投资一月标 可用红包</p>', '0'), ('212', '189', '第1期', '1', '方案1', '5000.00', '334.00', '40.64', '5', '1', '0', '0', 'http://120.27.160.23:6081/wap/register', 'http://120.27.160.23:6081/wap/register', '<p>点击立即参与</p><p><img src=\"/js/ueditor/themes/default/images/spacer.gif\"/>官网注册，pc，移动端均可注册，不核单</p><p>定向投标地址（一定要用我们的投标链接来投资，投错无返现，确认投的是：林权宝，用错不结算）手机端投标链接</p><p><a href=\"http://120.27.160.23:6081/wap/product/productInfo?productId=4932\" target=\"_blank\">http://120.27.160.23:6081/wap/product/productInfo?productId=4932</a> </p><p>可以使用红包</p>', '0'), ('213', '190', '第1期', '1', '方案1', '10000.00', '537.00', '65.33', '20', '3', null, null, 'http://wap.jurenlicai.cn/landingpage?toFrom=xinzhongyi50-h5', 'http://wap.jurenlicai.cn/landingpage?toFrom=xinzhongyi50-h5', '<p><span style=\"color: rgb(255, 0, 0);\">暂停注册投资，昨天注册投资的赶快交单！</span></p><p>点击立即参与 手机电脑均可注册</p><p>如果有红包可以用</p><p>据说投6W有500红包可以用</p>', '0'), ('214', '191', '第1期', '1', '方案1', '10000.00', '309.00', '37.60', '14', '1', '0', '0', 'http://cg.zzydai.com/reg?invite=995', '', '<p>点击立即参与电脑注册<br/></p><p>投资1月标，不限额，可复投</p><p>新用户首投红包：1W=38元，2W=58元，5W=138元，10W=188元，20W＝388元</p><p><br/></p>', '0'), ('219', '194', '第1期', '1', '方案1', '1000.00', '72.00', '87.60', '124', '1', '0', '0', 'https://account.jingyedai.com/Account/Register/VC108200022', 'https://wap.jingyedai.com/passport/register/VC108200022', '<p>点击立即参与电脑手机都注册 核对邀请人13968342403&nbsp;</p><p>注册送20红包（1k可用），送50红包（3k可用），100红包（6k可用）,300红包（1.8万可用），618（3万可用）</p><p><span style=\"color: rgb(255, 0, 0);\">1000档限首投，大额2000起投，不限额，月标，可以复投</span></p><p><br/></p>', '0'), ('222', '195', '第1期', '1', '方案1', '1000.00', '43.00', '52.32', '25', '1', '0', '0', 'http://t.cn/RK74zo6', '', '<p>点击立即参与 电脑注册</p><p><br/></p><p>限投1000-5W，限首投，投资30天以上月标</p><p><br/></p><p><br/></p>', '0'), ('225', '197', '第1期', '1', '方案1', '10000.00', '244.87', '29.80', '3', '1', '0', '0', '', 'https://m.tongtongli.com/app/family/weixin/index.html#/weixin/enroll?channel=yuansu', '<p>点击立即参与手机注册<br/></p><p>可使用红包 单号1-10万<br/></p>', '0'), ('230', '199', '第1期', '1', '方案1', '10000.00', '497.13', '60.49', '1', '1', '0', '0', 'http://www.sanguocf.com/extension01?channelId=189005', 'http://www.sanguocf.com/extension01?channelId=189005', '<p><span style=\"font-family:微软雅黑\"><span style=\"font-size: 21px;\"><strong>新平台全网第一车</strong></span></span></p><p><strong><span style=\"font-family: 微软雅黑;font-size: 21px\"><span style=\"font-family:微软雅黑\">活动期间凡是在</span></span></strong><strong><span style=\"font-family: 微软雅黑;font-size: 21px\"><span style=\"font-family:微软雅黑\">三国财富</span></span></strong><strong><span style=\"font-family: 微软雅黑;font-size: 21px\"><span style=\"font-family:微软雅黑\">网注册成功的用户可以获得价值</span>100<span style=\"font-family:微软雅黑\">元，</span><span style=\"font-family:Tahoma\">300</span><span style=\"font-family:微软雅黑\">元，</span><span style=\"font-family:Tahoma\">500</span><span style=\"font-family:微软雅黑\">元，</span><span style=\"font-family:Tahoma\">800</span><span style=\"font-family:微软雅黑\">元四张面值不等的代金券</span></span></strong></p><p><strong><span style=\"font-family: 微软雅黑;font-size: 21px\"><span style=\"font-family:微软雅黑\">新注册用户单笔投资任意活动标金额大于等于</span>10000<span style=\"font-family:微软雅黑\">的可使用</span><span style=\"font-family:Tahoma\">100</span><span style=\"font-family:微软雅黑\">元代金券</span></span></strong></p><p><strong><span style=\"font-family: 微软雅黑;font-size: 21px\"><span style=\"font-family:微软雅黑\">新注册用户单笔投资任意活动标金额大于等于</span>20000<span style=\"font-family:微软雅黑\">的可使用</span><span style=\"font-family:Tahoma\">300</span><span style=\"font-family:微软雅黑\">元代金券</span></span></strong></p><p><strong><span style=\"font-family: 微软雅黑;font-size: 21px\"><span style=\"font-family:微软雅黑\">新注册用户单笔投资任意活动标金额大于等于</span>30000<span style=\"font-family:微软雅黑\">的可使用</span><span style=\"font-family:Tahoma\">500</span><span style=\"font-family:微软雅黑\">元代金券</span></span></strong></p><p><strong><span style=\"font-family: 微软雅黑;font-size: 21px\"><span style=\"font-family:微软雅黑\">新注册用户单笔投资任意活动标金额大于等于</span>50000<span style=\"font-family:微软雅黑\">的可使用</span><span style=\"font-family:Tahoma\">800</span><span style=\"font-family:微软雅黑\">元代金券</span></span></strong></p><p><br/></p>', '0'), ('239', '2', '测试活动', '1', '方案一', '10000.00', '582.19', '70.83', '0', '1', '0', '0', 'xxxx', 'xxxx', 'xxxx', '0'), ('240', '233', '马上多', '1', '方案一', '10000.00', '452.20', '55.02', '2', '1', '0', '0', 'http://www.msdfanli.com', 'http://m.msdfanli.com', '<p>\r\n	<strong><span style=\"background-color:#E53333;\"><span style=\"background-color:;\">http://www.msdfanli.com</span><span style=\"background-color:;\"><span style=\"background-color:;\"></span><span style=\"color:#E53333;\"></span></span></span></strong>\r\n</p>\r\n<p>\r\n	<strong><span style=\"background-color:#E53333;\"><span style=\"background-color:;\"><span style=\"color:#E53333;\"><br />\r\n</span></span></span></strong>\r\n</p>\r\n<p>\r\n	<strong><span style=\"background-color:#E53333;\"><span style=\"background-color:;\"><span style=\"color:#E53333;\"><br />\r\n</span></span></span></strong>\r\n</p>', '0');
COMMIT;

-- ----------------------------
--  Table structure for `p2p_activity_plan`
-- ----------------------------
DROP TABLE IF EXISTS `p2p_activity_plan`;
CREATE TABLE `p2p_activity_plan` (
  `id` int(11) NOT NULL AUTO_INCREMENT,
  `activity_id` int(11) DEFAULT NULL COMMENT '活动id',
  `name` varchar(30) NOT NULL DEFAULT '' COMMENT '方案名称',
  `item` varchar(30) DEFAULT '' COMMENT '投资项目',
  `depositDisplay_s` double(15,2) NOT NULL DEFAULT '0.00' COMMENT '充值金额(最少)',
  `depositDisplay_e` double(15,2) NOT NULL DEFAULT '0.00' COMMENT '充值金额(1无上限,0表示定额)',
  `depositDisplay_txt` varchar(100) DEFAULT NULL COMMENT '充值金额描述(¥1000 - 10,0000)',
  `rebate` double(5,2) NOT NULL DEFAULT '0.00' COMMENT '返利比列',
  `rebateCycle` varchar(50) NOT NULL DEFAULT '' COMMENT '返利周期(1-3个工作日)',
  `rebatePlus` double(11,2) NOT NULL DEFAULT '0.00' COMMENT '奖励比例',
  `days` int(11) NOT NULL DEFAULT '0' COMMENT '方案天数',
  `rate` double(11,2) NOT NULL DEFAULT '0.00' COMMENT '年化利率',
  `interest` double(11,2) NOT NULL DEFAULT '0.00' COMMENT '利息',
  `redback` double(11,2) NOT NULL DEFAULT '0.00' COMMENT '红包',
  `bbin` double(11,2) NOT NULL DEFAULT '0.00' COMMENT '体验金',
  `bbin_interest` double(11,2) NOT NULL DEFAULT '0.00' COMMENT '体验金收益(收益:¥0)',
  `others` double(11,2) NOT NULL DEFAULT '0.00' COMMENT '其它金额',
  `totalIncome` double(11,2) NOT NULL DEFAULT '0.00' COMMENT '总收益',
  `totalIncome_txt` varchar(100) DEFAULT NULL COMMENT '总收益描述(41 - 4157|126+)',
  `year_rate` double(11,2) DEFAULT '0.00' COMMENT '总年化利率',
  `orderby` int(11) DEFAULT '1',
  `insert_time` timestamp NULL DEFAULT CURRENT_TIMESTAMP,
  PRIMARY KEY (`id`)
) ENGINE=InnoDB AUTO_INCREMENT=117 DEFAULT CHARSET=utf8 COMMENT='活动方案表';

-- ----------------------------
--  Records of `p2p_activity_plan`
-- ----------------------------
BEGIN;
INSERT INTO `p2p_activity_plan` VALUES ('5', '230', '方案1', '30天标', '10000.00', '1.00', '10,000', '3.10', '1-3个工作日', '0.00', '30', '10.60', '60.59', '100.00', '0.00', '0.00', '0.00', '497.13', '497.13', '60.49', null, '2017-07-20 22:30:38'), ('7', '225', '方案1', '1月标', '10000.00', '100000.00', '10,000 - 100,000', '1.55', '1-3个工作日', '0.00', '30', '8.50', '29.81', '20.00', '0.00', '0.00', '0.00', '244.87', '244.87 - 244.87', '29.80', null, '2017-07-20 22:30:39'), ('8', '222', '方案1', '1月标', '1000.00', '50000.00', null, '3.40', '1-3个工作日', '0.00', '30', '10.00', '52.32', '0.00', '0.00', '0.00', '0.00', '43.00', null, '0.00', '1', '2017-07-20 22:30:39'), ('9', '219', '方案1', '1月标', '1000.00', '0.00', null, '4.40', '1-3个工作日', '0.00', '30', '9.00', '87.60', '20.00', '0.00', '0.00', '0.00', '72.00', null, '0.00', '1', '2017-07-20 22:30:40'), ('11', '214', '方案1', '1月标', '10000.00', '1000000.00', null, '2.30', '1-3个工作日', '0.00', '30', '9.50', '37.60', '0.00', '0.00', '0.00', '0.00', '309.00', null, '0.00', '1', '2017-07-20 22:30:40'), ('12', '213', '方案1', '30天标', '10000.00', '500000.00', null, '3.70', '1-3个工作日', '0.00', '30', '10.50', '65.33', '80.00', '0.00', '0.00', '0.00', '537.00', null, '0.00', '1', '2017-07-20 22:30:41'), ('13', '212', '方案1', '林权宝', '5000.00', '0.00', null, '4.00', '1-3个工作日', '0.00', '60', '8.00', '40.64', '68.00', '0.00', '0.00', '0.00', '334.00', null, '0.00', '1', '2017-07-20 22:30:41'), ('14', '210', '方案1', '15天标', '10000.00', '100000.00', null, '1.80', '1-3个工作日', '0.00', '15', '8.50', '52.32', '0.00', '0.00', '0.00', '0.00', '215.00', null, '0.00', '1', '2017-07-20 22:30:42'), ('15', '210', '方案2', '1月标', '10000.00', '100000.00', null, '4.10', '1-3个工作日', '0.00', '30', '9.00', '74.46', '128.00', '0.00', '0.00', '0.00', '612.00', null, '0.00', '2', '2017-07-20 22:30:42'), ('16', '207', '方案1', '26-35天标', '10000.00', '50000.00', null, '2.25', '1-3个工作日', '0.00', '26', '9.00', '45.62', '35.00', '0.00', '0.00', '0.00', '325.00', null, '0.00', '1', '2017-07-20 22:30:42'), ('18', '59', '方案1', '普通31-50天标', '10000.00', '1000000.00', null, '2.90', '1-3个工作日', '0.00', '31', '7.50', '41.68', '0.00', '0.00', '0.00', '0.00', '354.00', null, '0.00', '1', '2017-07-20 22:30:43'), ('19', '206', '方案1', '1月标', '10000.00', '1.00', null, '1.70', '1-3个工作日', '0.00', '30', '8.50', '36.26', '58.00', '0.00', '0.00', '0.00', '298.00', null, '0.00', '1', '2017-07-20 22:30:44'), ('20', '206', '方案2', '3月标', '10000.00', '1.00', null, '3.50', '1-3个工作日', '0.00', '90', '10.00', '28.59', '108.00', '0.00', '0.00', '0.00', '705.00', null, '0.00', '2', '2017-07-20 22:30:44'), ('21', '204', '方案1', '1月标', '10000.00', '200000.00', null, '3.40', '1-3个工作日', '0.00', '30', '8.00', '53.05', '30.00', '0.00', '0.00', '0.00', '436.00', null, '0.00', '1', '2017-07-20 22:30:44'), ('25', '11', '方案2', '普通45天标', '10000.00', '1.00', null, '3.20', '1-3个工作日', '0.00', '45', '8.80', '34.80', '0.00', '0.00', '0.00', '0.00', '429.00', null, '0.00', '1', '2017-07-20 22:30:46'), ('26', '11', '方案3', '3月标', '10000.00', '1.00', null, '5.90', '1-3个工作日', '0.00', '90', '11.80', '35.73', '0.00', '0.00', '0.00', '0.00', '881.00', null, '0.00', '2', '2017-07-20 22:30:46'), ('28', '194', '方案1', '35天标', '10000.00', '50000.00', null, '1.70', '1-3个工作日', '0.00', '35', '7.80', '27.43', '18.00', '0.00', '0.00', '0.00', '263.00', null, '0.00', '1', '2017-07-20 22:30:47'), ('29', '193', '方案1', '1月标', '10000.00', '30000.00', null, '2.20', '1-3个工作日', '0.00', '30', '8.00', '34.80', '0.00', '0.00', '0.00', '0.00', '286.00', null, '0.00', '1', '2017-07-20 22:30:47'), ('30', '193', '方案2', '2月标', '10000.00', '50000.00', null, '3.40', '1-3个工作日', '0.00', '60', '9.80', '30.54', '0.00', '0.00', '0.00', '0.00', '502.00', null, '0.00', '2', '2017-07-20 22:30:47'), ('32', '86', '方案1', '1月标', '10000.00', '1.00', null, '3.40', '1-3个工作日', '0.00', '30', '8.00', '49.40', '0.00', '0.00', '0.00', '0.00', '406.00', null, '0.00', '1', '2017-07-20 22:30:48'), ('33', '184', '方案1', '1月标', '1000.00', '500000.00', null, '2.60', '1-3个工作日', '0.00', '30', '9.80', '42.58', '0.00', '0.00', '0.00', '0.00', '35.00', null, '0.00', '1', '2017-07-20 22:30:49'), ('34', '182', '方案1', '1月标', '10000.00', '1000000.00', null, '1.30', '1-3个工作日', '0.00', '30', '6.00', '22.63', '6.00', '0.00', '0.00', '0.00', '186.00', null, '0.00', '1', '2017-07-20 22:30:49'), ('35', '178', '方案1', '7-14天标', '10000.00', '1000000.00', null, '0.80', '1-3个工作日', '0.00', '14', '10.00', '31.03', '0.00', '0.00', '0.00', '0.00', '119.00', null, '0.00', '1', '2017-07-20 22:30:50'), ('36', '175', '方案1', '企业特约标35天', '5000.00', '500000.00', null, '1.90', '1-3个工作日', '0.00', '35', '6.00', '25.86', '0.00', '0.00', '0.00', '0.00', '124.00', null, '0.00', '1', '2017-07-20 22:30:50'), ('37', '174', '方案1', '1月标', '5000.00', '500000.00', null, '2.60', '1-3个工作日', '0.00', '30', '8.00', '39.66', '0.00', '0.00', '0.00', '0.00', '163.00', null, '0.00', '1', '2017-07-20 22:30:51'), ('38', '172', '方案1', '1月标', '10000.00', '500000.00', null, '3.50', '1-3个工作日', '0.00', '30', '11.80', '56.82', '20.00', '0.00', '0.00', '0.00', '467.00', null, '0.00', '1', '2017-07-20 22:30:52'), ('39', '115', '方案1', '45天标', '10000.00', '50000.00', null, '2.90', '1-3个工作日', '0.00', '45', '13.80', '37.39', '0.00', '0.00', '0.00', '0.00', '461.00', null, '0.00', '1', '2017-07-20 22:30:53'), ('40', '115', '方案2', '3月标', '10000.00', '50000.00', null, '5.50', '1-3个工作日', '0.00', '90', '14.70', '37.03', '0.00', '0.00', '0.00', '0.00', '913.00', null, '0.00', '2', '2017-07-20 22:30:53'), ('41', '165', '方案1', '30天以上标', '10000.00', '100000.00', null, '2.90', '1-3个工作日', '0.00', '30', '10.88', '49.88', '30.00', '0.00', '0.00', '0.00', '410.00', null, '0.00', '1', '2017-07-20 22:30:54'), ('42', '69', '方案1', '35天标', '10000.00', '1.00', null, '2.00', '1-3个工作日', '0.00', '35', '10.50', '38.27', '66.00', '0.00', '0.00', '0.00', '367.00', null, '0.00', '1', '2017-07-20 22:30:55'), ('43', '164', '方案1', '14天标双周盈', '1000.00', '100000.00', null, '1.00', '1-3个工作日', '0.00', '14', '8.50', '36.50', '0.00', '0.00', '0.00', '0.00', '14.00', null, '0.00', '1', '2017-07-20 22:30:55'), ('44', '162', '方案1', '月月乐', '10000.00', '150000.00', null, '1.60', '1-3个工作日', '0.00', '30', '9.00', '28.47', '0.00', '0.00', '0.00', '0.00', '234.00', null, '0.00', '1', '2017-07-20 22:30:56'), ('45', '160', '方案1', '15天标', '5000.00', '100000.00', null, '1.90', '1-3个工作日', '0.00', '15', '16.80', '81.76', '38.00', '0.00', '0.00', '0.00', '168.00', null, '0.00', '1', '2017-07-20 22:30:56'), ('46', '159', '方案1', '普通1月标', '10000.00', '100000.00', null, '4.20', '1-3个工作日', '0.00', '30', '9.00', '67.16', '58.00', '0.00', '0.00', '0.00', '552.00', null, '0.00', '1', '2017-07-20 22:30:57'), ('47', '158', '方案1', '1月标', '10000.00', '1000000.00', null, '3.40', '1-3个工作日', '0.00', '30', '4.80', '46.23', '0.00', '0.00', '0.00', '0.00', '380.00', null, '0.00', '1', '2017-07-20 22:30:57'), ('51', '147', '方案1', '1月标', '1000.00', '30000.00', null, '3.00', '1-3个工作日', '0.00', '30', '9.00', '46.23', '0.00', '0.00', '0.00', '0.00', '38.00', null, '0.00', '1', '2017-07-20 22:30:58'), ('52', '139', '方案1', '新手7天标', '10000.00', '30000.00', null, '1.15', '1-3个工作日', '0.00', '7', '15.00', '75.09', '0.00', '0.00', '0.00', '0.00', '144.00', null, '0.00', '1', '2017-07-20 22:30:59'), ('53', '138', '方案1', '新手3月标', '5000.00', '0.00', null, '1.60', '1-3个工作日', '0.00', '90', '8.35', '18.09', '40.00', '0.00', '0.00', '0.00', '223.00', null, '0.00', '1', '2017-07-20 22:31:00'), ('54', '133', '方案1', '2月标', '10000.00', '1.00', null, '2.50', '1-3个工作日', '0.00', '60', '10.12', '31.45', '100.00', '0.00', '0.00', '0.00', '517.00', null, '0.00', '1', '2017-07-20 22:31:00'), ('55', '133', '方案2', '3月标', '10000.00', '1.00', null, '3.00', '1-3个工作日', '0.00', '90', '11.85', '28.11', '100.00', '0.00', '0.00', '0.00', '693.00', null, '0.00', '2', '2017-07-20 22:31:00'), ('56', '131', '方案1', '2月标', '2000.00', '1.00', null, '3.95', '1-3个工作日', '0.00', '60', '9.00', '33.15', '0.00', '0.00', '0.00', '0.00', '109.00', null, '0.00', '1', '2017-07-20 22:31:01'), ('59', '43', '方案一', '40天及以上标', '10000.00', '30000.00', null, '4.00', '1-3个工作日', '0.00', '40', '7.40', '43.98', '0.00', '0.00', '0.00', '0.00', '482.00', null, '0.00', '1', '2017-07-20 22:31:02'), ('60', '72', '方案1', '1月标', '10000.00', '20000.00', null, '3.30', '1-3个工作日', '0.00', '30', '10.50', '50.73', '0.00', '0.00', '0.00', '0.00', '417.00', null, '0.00', '1', '2017-07-20 22:31:02'), ('61', '110', '方案1', '普通1月标', '10000.00', '1.00', null, '2.80', '1-3个工作日', '0.00', '30', '9.00', '54.02', '90.00', '0.00', '0.00', '0.00', '444.00', null, '0.00', '1', '2017-07-20 22:31:03'), ('65', '124', '方案1', '1月标', '5000.00', '1.00', null, '3.50', '1-3个工作日', '0.00', '30', '10.00', '66.92', '58.00', '0.00', '0.00', '0.00', '275.00', null, '0.00', '1', '2017-07-20 22:31:04'), ('68', '116', '方案1', '1月标', '1000.00', '0.00', null, '5.30', '1-3个工作日', '0.00', '30', '11.50', '88.82', '10.00', '0.00', '0.00', '0.00', '73.00', null, '0.00', '1', '2017-07-20 22:31:05'), ('69', '116', '方案2', '1月标', '10000.00', '50000.00', null, '3.70', '1-3个工作日', '0.00', '30', '11.50', '66.31', '80.00', '0.00', '0.00', '0.00', '545.00', null, '0.00', '2', '2017-07-20 22:31:05'), ('70', '120', '方案1', '1月标', '5000.00', '50000.00', null, '2.30', '1-3个工作日', '0.00', '30', '8.00', '36.01', '0.00', '0.00', '0.00', '0.00', '148.00', null, '0.00', '1', '2017-07-20 22:31:05'), ('71', '119', '方案1', '1月标', '1000.00', '0.00', null, '4.00', '1-3个工作日', '0.00', '30', '7.30', '55.97', '0.00', '0.00', '0.00', '0.00', '46.00', null, '0.00', '1', '2017-07-20 22:31:06'), ('72', '119', '方案2', '1月标', '10000.00', '100000.00', null, '3.70', '1-3个工作日', '0.00', '30', '7.30', '52.32', '0.00', '0.00', '0.00', '0.00', '430.00', null, '0.00', '2', '2017-07-20 22:31:06'), ('73', '118', '方案1', '保本黄金30天', '10000.00', '20000.00', null, '2.40', '1-3个工作日', '0.00', '30', '2.80', '40.64', '70.00', '0.00', '0.00', '0.00', '334.00', null, '0.00', '1', '2017-07-20 22:31:07'), ('74', '109', '方案1', '28-35天标', '10000.00', '1.00', null, '3.70', '1-3个工作日', '0.00', '28', '6.00', '54.36', '0.00', '0.00', '0.00', '0.00', '417.00', null, '0.00', '1', '2017-07-20 22:31:07'), ('75', '108', '方案1', '45天标', '10000.00', '1.00', null, '4.40', '1-3个工作日', '0.00', '45', '7.20', '42.91', '0.00', '0.00', '0.00', '0.00', '529.00', null, '0.00', '1', '2017-07-20 22:31:08'), ('76', '106', '方案1', '1月标', '10000.00', '1.00', null, '2.10', '1-3个工作日', '0.00', '30', '11.00', '36.62', '0.00', '0.00', '0.00', '0.00', '301.00', null, '0.00', '1', '2017-07-20 22:31:08'), ('77', '105', '方案1', ' 乐享计划1月标', '10000.00', '100000.00', null, '1.90', '1-3个工作日', '0.00', '30', '6.50', '29.69', '0.00', '0.00', '0.00', '0.00', '244.00', null, '0.00', '1', '2017-07-20 22:31:09'), ('78', '101', '方案1', '30天标', '10000.00', '50000.00', null, '1.35', '1-3个工作日', '0.00', '30', '6.50', '22.99', '0.00', '0.00', '0.00', '0.00', '189.00', null, '0.00', '1', '2017-07-20 22:31:09'), ('79', '3', '方案1', '普通30天标', '10000.00', '1.00', null, '2.10', '1-3个工作日', '0.00', '30', '5.50', '34.55', '28.00', '0.00', '0.00', '0.00', '284.00', null, '0.00', '1', '2017-07-20 22:31:10'), ('80', '3', '方案2', '普通60天标', '10000.00', '1.00', null, '3.50', '1-3个工作日', '0.00', '60', '6.00', '31.45', '68.00', '0.00', '0.00', '0.00', '517.00', null, '0.00', '2', '2017-07-20 22:31:10'), ('81', '3', '方案3', '普通90天标', '10000.00', '1.00', null, '4.70', '1-3个工作日', '0.00', '90', '7.00', '32.89', '168.00', '0.00', '0.00', '0.00', '811.00', null, '0.00', '3', '2017-07-20 22:31:10'), ('82', '89', '方案1', '1月标', '10000.00', '30000.00', null, '3.40', '1-3个工作日', '0.00', '30', '8.00', '49.40', '0.00', '0.00', '0.00', '0.00', '406.00', null, '0.00', '1', '2017-07-20 22:31:11'), ('83', '88', '方案1', '45天标', '10000.00', '50000.00', null, '3.40', '1-3个工作日', '0.00', '45', '8.00', '35.61', '0.00', '0.00', '0.00', '0.00', '439.00', null, '0.00', '1', '2017-07-20 22:31:11'), ('84', '87', '方案1', '30天以上新手标', '10000.00', '1.00', null, '3.80', '1-3个工作日', '0.00', '30', '15.00', '61.32', '0.00', '0.00', '0.00', '0.00', '504.00', null, '0.00', '1', '2017-07-20 22:31:12'), ('85', '87', '方案2', '30天以上标', '10000.00', '1.00', null, '3.80', '1-3个工作日', '0.00', '30', '6.80', '59.13', '50.00', '0.00', '0.00', '0.00', '486.00', null, '0.00', '2', '2017-07-20 22:31:12'), ('86', '84', '方案1', '房金月宝', '10000.00', '200000.00', null, '3.10', '1-3个工作日', '0.00', '30', '8.00', '48.18', '20.00', '0.00', '0.00', '0.00', '396.00', null, '0.00', '1', '2017-07-20 22:31:12'), ('87', '77', '方案一', '灵通宝30天', '6000.00', '0.00', null, '1.22', '1-3个工作日', '0.00', '30', '7.00', '21.90', '0.00', '0.00', '0.00', '0.00', '108.00', null, '0.00', '1', '2017-07-20 22:31:13'), ('88', '76', '5千档', '月享盈30天', '5000.00', '0.00', null, '0.80', '1-3个工作日', '0.00', '30', '9.00', '18.74', '0.00', '0.00', '0.00', '0.00', '77.00', null, '0.00', '1', '2017-07-20 22:31:13'), ('89', '38', '方案一', '优选计划7%普通标', '10000.00', '1000000.00', null, '0.80', '1-3个工作日', '0.00', '30', '7.00', '22.87', '50.00', '0.00', '0.00', '0.00', '188.00', null, '0.00', '1', '2017-07-20 22:31:14'), ('90', '55', '方案1', '1月标', '10000.00', '1.00', null, '1.85', '1-3个工作日', '0.00', '30', '6.80', '36.38', '58.00', '0.00', '0.00', '0.00', '299.00', null, '0.00', '1', '2017-07-20 22:31:15'), ('91', '55', '方案2', '2月标', '10000.00', '1.00', null, '4.30', '1-3个工作日', '0.00', '60', '7.80', '37.53', '58.00', '0.00', '0.00', '0.00', '617.00', null, '0.00', '2', '2017-07-20 22:31:15'), ('92', '54', '方案1', '华银宝1月', '10000.00', '200000.00', null, '2.35', '1-3个工作日', '0.00', '30', '9.50', '38.20', '0.00', '0.00', '0.00', '0.00', '314.00', null, '0.00', '1', '2017-07-20 22:31:15'), ('93', '50', '方案1', '普通1月标', '1000.00', '0.00', null, '4.40', '1-3个工作日', '0.00', '30', '9.20', '63.27', '0.00', '0.00', '0.00', '0.00', '52.00', null, '0.00', '1', '2017-07-20 22:31:16'), ('94', '50', '方案2', '普通1月标', '10000.00', '500000.00', null, '4.00', '1-3个工作日', '0.00', '30', '9.20', '57.91', '0.00', '0.00', '0.00', '0.00', '476.00', null, '0.00', '2', '2017-07-20 22:31:16'), ('95', '45', '方案一', '普通30天', '10000.00', '1000000.00', null, '2.60', '1-3个工作日', '0.00', '30', '6.90', '38.57', '0.00', '0.00', '0.00', '0.00', '317.00', null, '0.00', '1', '2017-07-20 22:31:16'), ('96', '39', '方案一', '智能宝计划A', '10000.00', '1.00', null, '1.50', '1-3个工作日', '0.00', '30', '8.00', '28.96', '22.00', '0.00', '0.00', '0.00', '238.00', null, '0.00', '1', '2017-07-20 22:31:17'), ('97', '39', '方案二', '智能宝计划B', '10000.00', '1.00', null, '2.90', '1-3个工作日', '0.00', '60', '8.50', '27.50', '22.00', '0.00', '0.00', '0.00', '452.00', null, '0.00', '2', '2017-07-20 22:31:17'), ('98', '39', '方案三', '智能宝计划C', '10000.00', '1.00', null, '4.10', '1-3个工作日', '0.00', '90', '9.00', '27.05', '35.00', '0.00', '0.00', '0.00', '667.00', null, '0.00', '3', '2017-07-20 22:31:17'), ('99', '37', '方案一', '新手1月或普通1月', '10000.00', '50000.00', null, '1.45', '1-3个工作日', '0.00', '30', '10.00', '27.74', '0.00', '0.00', '0.00', '0.00', '228.00', null, '0.00', '1', '2017-07-20 22:31:17'), ('100', '35', '方案一', '担保45天标', '10000.00', '200000.00', null, '2.00', '1-3个工作日', '0.00', '45', '7.00', '24.09', '10.00', '0.00', '0.00', '0.00', '297.00', null, '0.00', '1', '2017-07-20 22:31:18'), ('101', '34', '方案1', '普通3月标', '10000.00', '50000.00', null, '4.30', '1-3个工作日', '0.00', '90', '9.00', '26.44', '0.00', '0.00', '0.00', '0.00', '652.00', null, '0.00', '1', '2017-07-20 22:31:18'), ('102', '31', '方案1', '3月标', '10000.00', '1.00', null, '1.50', '1-3个工作日', '0.00', '90', '10.20', '16.30', '0.00', '0.00', '0.00', '0.00', '402.00', null, '0.00', '1', '2017-07-20 22:31:19'), ('103', '27', '方案一', '1月标', '10000.00', '1.00', null, '1.40', '1-3个工作日', '0.00', '30', '8.00', '25.06', '0.00', '0.00', '0.00', '0.00', '206.00', null, '0.00', '1', '2017-07-20 22:31:19'), ('104', '27', '方案2', '3月标', '10000.00', '1.00', null, '3.40', '1-3个工作日', '0.00', '90', '10.00', '23.81', '0.00', '0.00', '0.00', '0.00', '587.00', null, '0.00', '2', '2017-07-20 22:31:19'), ('105', '24', '方案一', '1月标', '10000.00', '50000.00', null, '1.70', '3个工作日', '0.00', '30', '9.50', '33.95', '30.00', '0.00', '0.00', '0.00', '279.00', null, '0.00', '1', '2017-07-20 22:31:20'), ('106', '24', '方案二', '3月标', '10000.00', '100000.00', null, '2.90', '3个工作日', '0.00', '90', '11.50', '23.28', '0.00', '0.00', '0.00', '0.00', '574.00', null, '0.00', '2', '2017-07-20 22:31:20'), ('107', '22', '方案一', '30天标', '10000.00', '30000.00', null, '2.70', '1-3个工作日', '0.00', '30', '5.80', '38.69', '0.00', '0.00', '0.00', '0.00', '318.00', null, '0.00', '1', '2017-07-20 22:31:20'), ('108', '20', '方案三', '60天标', '10000.00', '1.00', null, '3.10', '1-3个工作日', '0.00', '60', '7.50', '31.27', '80.00', '0.00', '0.00', '0.00', '514.00', null, '0.00', '1', '2017-07-20 22:31:21'), ('109', '20', '方案二', '30天及以上标', '10000.00', '500000.00', null, '1.80', '1-3个工作日', '0.00', '30', '6.50', '28.47', '0.00', '0.00', '0.00', '0.00', '234.00', null, '0.00', '2', '2017-07-20 22:31:21'), ('110', '13', '方案一', '月月喜', '10000.00', '1.00', null, '2.55', '1-3个工作日', '0.00', '30', '7.50', '41.98', '28.00', '0.00', '0.00', '0.00', '345.00', null, '0.00', '1', '2017-07-20 22:31:21'), ('111', '12', '方案一', '普通3个月标', '10000.00', '1.00', null, '4.50', '1-3个工作日', '0.00', '90', '10.90', '31.19', '50.00', '0.00', '0.00', '0.00', '769.00', null, '0.00', '1', '2017-07-20 22:31:22'), ('112', '10', '方案一', '赢系90天', '10000.00', '1.00', null, '2.90', '1-3个工作日', '0.00', '90', '10.00', '21.78', '0.00', '0.00', '0.00', '0.00', '537.00', null, '0.00', '1', '2017-07-20 22:31:22'), ('113', '10', '方案二', '赢系6月标', '10000.00', '1.00', null, '4.30', '1-3个工作日', '0.00', '180', '12.00', '20.72', '0.00', '0.00', '0.00', '0.00', '1021.78', null, '0.00', null, '2017-07-20 22:31:22'), ('114', '239', '方案一', '', '10000.00', '0.00', null, '5.00', '1-3工作日', '0.00', '30', '10.00', '70.83', '0.00', '0.00', '0.00', '0.00', '582.19', null, '0.00', null, '2017-07-23 16:30:36'), ('115', '10', '方案一', '30天任意标', '10000.00', '50000.00', '10,000 - 50,000', '3.60', '1-3工作日', '0.00', '30', '10.00', '0.00', '50.00', '1000.00', '8.22', '0.00', '500.42', '500.42 - 500.42', '60.89', null, '2017-08-23 15:21:19'), ('116', '240', '方案一', '马上多30天标', '10000.00', '0.00', '10,000 - 无上限', '3.70', '1-3工作日', '0.00', '30', '10.00', '0.00', '0.00', '0.00', '0.00', '0.00', '452.20', '452.2+', '55.02', null, '2017-08-29 13:59:25');
COMMIT;

-- ----------------------------
--  Table structure for `p2p_balance_list`
-- ----------------------------
DROP TABLE IF EXISTS `p2p_balance_list`;
CREATE TABLE `p2p_balance_list` (
  `Id` int(11) NOT NULL AUTO_INCREMENT,
  `account` char(11) NOT NULL DEFAULT '',
  `type` char(1) DEFAULT '' COMMENT '类型(1:充值,2:审核,3:提现)',
  `balance` double(11,2) DEFAULT '0.00' COMMENT '金额',
  `rebate` double(11,2) NOT NULL DEFAULT '0.00' COMMENT '已提现',
  `rebate_late` double(11,2) NOT NULL DEFAULT '0.00' COMMENT '待返现',
  `remark` varchar(255) DEFAULT '' COMMENT '原因',
  `order_id` int(11) DEFAULT '0',
  `date` timestamp NULL DEFAULT CURRENT_TIMESTAMP COMMENT '日期',
  `oper_user` varchar(30) DEFAULT NULL COMMENT '操作账号',
  PRIMARY KEY (`Id`)
) ENGINE=InnoDB AUTO_INCREMENT=9 DEFAULT CHARSET=utf8 COMMENT='余额记录';

-- ----------------------------
--  Records of `p2p_balance_list`
-- ----------------------------
BEGIN;
INSERT INTO `p2p_balance_list` VALUES ('1', '13651619487', '2', '0.00', '0.00', '6350.00', '交单<审核失败,交单信息异常>', null, '2017-08-23 15:55:27', 'admin'), ('2', '13651619487', '2', '765.00', '0.00', '5585.00', '交单<审核通过>', '5', '2017-08-23 15:56:32', 'admin'), ('3', '13651619487', '2', '1305.00', '0.00', '5045.00', '交单<审核通过>', '6', '2017-08-23 15:57:27', 'admin'), ('4', '13651619487', '2', '1305.00', '0.00', '5045.00', '交单', '0', '2017-08-29 09:42:36', '13651619487'), ('5', '13651619487', '2', '1305.00', '0.00', '5230.00', '交单', '0', '2017-08-29 11:20:33', '13651619487'), ('6', '13651619487', '2', '1305.00', '0.00', '5680.00', '交单', '0', '2017-08-29 14:10:58', '13651619487'), ('7', '13651619487', '2', '0.00', '0.00', '0.00', '交单', '0', '2017-08-29 14:16:03', '13651619487'), ('8', '13651619487', '2', '481.00', '0.00', '0.00', '交单<审核通过>', '0', '2017-08-29 14:19:49', 'admin');
COMMIT;

-- ----------------------------
--  Table structure for `p2p_co_partner`
-- ----------------------------
DROP TABLE IF EXISTS `p2p_co_partner`;
CREATE TABLE `p2p_co_partner` (
  `id` int(11) NOT NULL AUTO_INCREMENT,
  `platform_id` int(11) DEFAULT NULL,
  `orderby` int(11) DEFAULT '0',
  PRIMARY KEY (`id`)
) ENGINE=InnoDB AUTO_INCREMENT=5 DEFAULT CHARSET=utf8 COMMENT='合作伙伴';

-- ----------------------------
--  Records of `p2p_co_partner`
-- ----------------------------
BEGIN;
INSERT INTO `p2p_co_partner` VALUES ('1', '24', '1'), ('2', '25', '2'), ('3', '26', '3'), ('4', '27', '4');
COMMIT;

-- ----------------------------
--  Table structure for `p2p_config`
-- ----------------------------
DROP TABLE IF EXISTS `p2p_config`;
CREATE TABLE `p2p_config` (
  `id` int(11) NOT NULL AUTO_INCREMENT,
  `type` varchar(30) DEFAULT NULL COMMENT '业务类型',
  `status` char(1) DEFAULT NULL COMMENT '0:正常;1:暂停',
  `reson` varchar(255) DEFAULT NULL COMMENT '提示语句',
  PRIMARY KEY (`id`)
) ENGINE=InnoDB DEFAULT CHARSET=utf8 COMMENT='业务暂停配置表';

-- ----------------------------
--  Table structure for `p2p_info`
-- ----------------------------
DROP TABLE IF EXISTS `p2p_info`;
CREATE TABLE `p2p_info` (
  `id` int(11) NOT NULL AUTO_INCREMENT,
  `total_invest` double(15,2) DEFAULT '0.00',
  `total_rebate` double(15,2) DEFAULT '0.00',
  `total_account` int(11) DEFAULT '0',
  PRIMARY KEY (`id`)
) ENGINE=InnoDB DEFAULT CHARSET=utf8;

-- ----------------------------
--  Table structure for `p2p_invest_info`
-- ----------------------------
DROP TABLE IF EXISTS `p2p_invest_info`;
CREATE TABLE `p2p_invest_info` (
  `id` int(11) NOT NULL AUTO_INCREMENT,
  `account` char(11) NOT NULL DEFAULT '' COMMENT '用户号码',
  `mobile` char(11) NOT NULL DEFAULT '' COMMENT '投资人电话',
  `name` varchar(50) NOT NULL DEFAULT '' COMMENT '投资人姓名',
  PRIMARY KEY (`id`)
) ENGINE=InnoDB AUTO_INCREMENT=4 DEFAULT CHARSET=utf8 COMMENT='投资人信息';

-- ----------------------------
--  Records of `p2p_invest_info`
-- ----------------------------
BEGIN;
INSERT INTO `p2p_invest_info` VALUES ('1', '13651619487', '13651619487', '谭国彪'), ('2', '13651619487', '13298516963', '他小彪'), ('3', '13651619487', '13651619487', 'asaaaa');
COMMIT;

-- ----------------------------
--  Table structure for `p2p_news`
-- ----------------------------
DROP TABLE IF EXISTS `p2p_news`;
CREATE TABLE `p2p_news` (
  `id` int(11) NOT NULL AUTO_INCREMENT,
  `type` char(1) DEFAULT NULL COMMENT '文章类型',
  `title` varchar(50) DEFAULT NULL COMMENT '标题',
  `date` timestamp NOT NULL DEFAULT CURRENT_TIMESTAMP,
  `content` varchar(10000) DEFAULT NULL,
  PRIMARY KEY (`id`)
) ENGINE=InnoDB AUTO_INCREMENT=7 DEFAULT CHARSET=utf8;

-- ----------------------------
--  Records of `p2p_news`
-- ----------------------------
BEGIN;
INSERT INTO `p2p_news` VALUES ('1', '1', '马上多返利上线啦', '2017-08-22 14:50:43', '<p>经过一个多月的策划和开发，现在终于上线啦，感谢各位老司机的努力。</p><p>价格最优、服务最好、返利最快，是马上多一直追求的结果。</p><p>欢迎渠道和平台与我们<a href=\"/about\" target=\"_self\">联系合作</a>。</p><p><br></p><hr><p>工作时间：上午9点 ~ 晚上11点</p>'), ('2', '1', '安全、轻松、好收益', '2017-08-22 14:53:11', '<p><span style=\"color: rgb(255, 0, 0);\"><strong>安全：</strong></span></p><p>&nbsp;&nbsp;&nbsp;&nbsp;一、0风险：公司正规运营，跑路风险为0。 &nbsp;（近期很多推手跑路导致很多投资人拿不到返现，例如“推手公转”事件）</p><p>&nbsp;&nbsp;&nbsp;&nbsp;二、赔付：如果是我们的问题导致返现失败，我们赔付。<br></p><p>&nbsp; &nbsp; 三、补偿：如果AB区域雷了，我们会补偿一部分维权金。<br></p><p><br></p><p><span style=\"color: rgb(255, 0, 0);\"><strong>轻松：</strong></span></p><p>&nbsp;&nbsp;&nbsp;&nbsp;一、做单轻松 （风险分区、不用去扒、不用去问、活动在线就可以直接投）<br></p><p>&nbsp;&nbsp;&nbsp;&nbsp;二、返利轻松 （您参与的返利活动合格后会有短信自动提醒）<br></p><p>&nbsp;&nbsp;&nbsp;&nbsp;三、收款轻松 （不用像乞丐一样去找人收款，数据合格自动入款，提现秒到支付宝！）<br></p><p><br></p><p><span style=\"color: rgb(255, 0, 0);\"><strong>好收益：</strong></span></p><p>&nbsp;&nbsp;&nbsp;&nbsp;一、返利全网最高价格 （终端客户价）<br></p><p>&nbsp;&nbsp;&nbsp;&nbsp;二、每参与一次返利活动就会有相应的积分赠送给您。积分可以充值话费或购买东西。&nbsp;<a href=\"https://www.jspfanli.com/help/13\" target=\"_blank\">点此查看积分说明</a><br></p><p>&nbsp; &nbsp; 三、更多会员福利与活动</p><p>&nbsp; &nbsp;&nbsp;</p>'), ('3', '2', '马上多返利上的活动平台跑路了怎么办？', '2017-08-22 14:56:14', '<p>一、马上多返利对每个平台都有进行客观的风控评级，用户可直接看到评级结果ABCDE。但不保证100%安全性。</p><p>二、请各位用户根据自己的风险等级选择相对应的活动，不排除活动平台有跑路/倒闭风险。</p><p>三、马上多返利仅为信息平台，本身不吸纳用户资金，如出现意外情况（包括但不局限于平台提现困难/逾期/倒闭/跑路等情况），我们不承担任何责任。</p><p></p>'), ('4', '2', '马上多的优势在哪里？', '2017-08-22 14:59:17', '<p>第一、马上多官方团队在网贷行业有多年工作经验，对平台风险的辨识度更为准确。会把平台分配到ABCD等区域，从而降低用户投资风险。</p><p>第二、马上多返利的价格在全网处于较高水平，最高程度去提升用户的投资回报率。</p><p>第三、马上多返利的每个活动，都有准确风控评分，让用户对风险程度有直观的概念。</p><p>第四、马上多返利的返现速度很快，从交单到数据审核到返现，最快当天即可到账。</p><p>第五、马上多返利客服在线时间长，回复速度快，从上午9点~晚上11点都会有客服值守。</p><p></p>'), ('5', '2', '如何帮别人通过马上多拿返现？', '2017-08-22 15:01:06', '<p>马上多返利支持多帐号投资，可以进入“会员中心”，点左侧的“投资帐号“ 内添加多个投资人的信息。</p>'), ('6', '2', '余额提现需要多久？', '2017-08-22 15:02:05', '<p>提现到支付宝&nbsp;： &nbsp;即时到帐</p>');
COMMIT;

-- ----------------------------
--  Table structure for `p2p_platform`
-- ----------------------------
DROP TABLE IF EXISTS `p2p_platform`;
CREATE TABLE `p2p_platform` (
  `id` int(11) NOT NULL AUTO_INCREMENT,
  `name` varchar(50) NOT NULL DEFAULT '' COMMENT '简称',
  `plat_name` varchar(50) DEFAULT NULL COMMENT '平台名称',
  `platform_intro` varchar(2000) DEFAULT NULL COMMENT '平台介绍TEXT',
  `platform_img` varchar(200) DEFAULT NULL COMMENT '平台图标',
  `platform_tags` varchar(255) DEFAULT '' COMMENT '平台特色TAG',
  `risk` char(1) DEFAULT NULL COMMENT '平台分级',
  `riskDisplay` varchar(20) DEFAULT NULL COMMENT '分级名称',
  `finance_bg` varchar(30) DEFAULT NULL COMMENT '融资背景',
  `platform_bg` varchar(30) DEFAULT NULL COMMENT '平台背景',
  `bank_manage` varchar(50) DEFAULT NULL COMMENT '银行存管',
  `icp_card` varchar(30) DEFAULT NULL COMMENT 'ICP证',
  `cash_speed` varchar(50) DEFAULT NULL COMMENT '提现速度',
  `principal` varchar(10) DEFAULT NULL COMMENT '注册资本',
  `online` varchar(50) DEFAULT NULL COMMENT '上线时间',
  `status` char(1) NOT NULL DEFAULT '1' COMMENT '平台状态',
  `url` varchar(100) DEFAULT NULL COMMENT '网址',
  `remark` varchar(4000) DEFAULT '',
  `create_time` timestamp NULL DEFAULT CURRENT_TIMESTAMP,
  `update_time` timestamp NULL DEFAULT NULL ON UPDATE CURRENT_TIMESTAMP,
  PRIMARY KEY (`id`)
) ENGINE=InnoDB AUTO_INCREMENT=234 DEFAULT CHARSET=utf8;

-- ----------------------------
--  Records of `p2p_platform`
-- ----------------------------
BEGIN;
INSERT INTO `p2p_platform` VALUES ('2', '长富理财', '昇融资产管理有限公司', '长富理财，上市系，银行存管进入技术对接阶段，投融家亲兄弟，香港主板上市公司投融长富集团全资控股平台，平台远期战略规划为金交所，与其他兄弟平台发展方向不同。母公司市值15亿，拥有基金、保险等金融牌照', 'http://localhost:8888/upload/logo/o_1bnphc3qvc9m3kj10ljpapj507.jpg', '香港上市', 'A', '保守', '上市公司', '暂无', '上海银行', '无', '0', '5001万', '2016-11-01', '1', null, '111', '2017-07-20 22:31:10', '2017-08-29 15:01:35'), ('3', '念钱安', '念鑫资产管理有限公司', '念钱安，上市系，上线仅半年已获得ICP许可证，签约浙江民泰商业银行存管并已开始技术对接（可致电民泰银行客服电话0576-96521，4008896521进行核实查证），港股上市企业投融长富金融服务集团（00850.hk）旗下，投融长富官网可查，CEO监钱景涛曾任，投融家运营总监。', 'https://www.jspfanli.com/upload/platform/logo/20170116140645s_.png', 'ICP经营许可证,香港上市', 'B', '稳健', '民营', '暂无', '暂无', '浙B2-20170080', 'T+1', '5001万', '2015-11-02', '1', null, '', '2017-07-20 22:31:10', null), ('4', '网信理财', '北京东方联合投资管理有限公司', '网信理财，上市系，C轮融资7000万美元，网贷平台交易量全网第3。', '/upload/platform/logo/o_1bnq2c1l519g41jdprsn1ev814mg7.jpg', 'ICP经营许可证,互金理事单位,香港上市', 'A', '保守', '上市公司', 'C轮', '无', '京ICP证130046号', 'T+1', '5000万', '2013-02-27', '1', null, '', '2017-07-20 22:31:23', '2017-08-18 15:29:10'), ('9', '拉拉财富', '深圳市拉拉金融信息服务有限公司', '德生控股旗下全资子公司。德生控股集团与中意恒信扬州科技股份有限公司 (以下简称“中意股份”，股票代码838165）正式达成收购协议，德生控股集团将收购后者100%股权，而“中意股份”也正式成为德生控股集团全资子公司之一。', 'https://www.jspfanli.com/upload/platform/logo/QQ%E6%88%AA%E5%9B%BE20170409223353.png', '风投背景,银行存管,新三板上市', 'B', '稳健', '民营', '暂无', '徽商银行', '无', 'T+1', '5000万', '2015-01-12', '1', null, '', '2017-07-20 22:31:22', null), ('13', '今金贷', '甘肃金畅网络科技有限公司', '今金贷互联网金融平台（www.91jinjindai.com）成立于2015年5月，以普惠大众，创新金融为宗旨，由金畅网络科技有限公司负责运营，今金贷致力于为公众提供一个安全、专业、高收益的互联网金融平台（今金贷）\r\n今金贷成立不到1年时间，累计成交额达到1.57亿元（截至04月18日），为用户赚取收益八百多万元，没有出现一笔坏账，担任甘肃省民营经济研究会副会长单位，并被评为2015中国互联网金融最具创新性平台；今金贷致力于成为西部本土最专业的网贷平台。\r\n', 'https://www.jspfanli.com/upload/platform/logo/201602291409267.png', '国资背景,已签存管协议,返利网推广', 'B', '稳健', '国资', '暂无', '恒丰银行存管协议', 'ICP-88888', 'T+1', '10000万', '2015-05-16', '1', null, '', '2017-07-20 22:30:45', '2017-08-18 10:28:08'), ('14', ' 摇财树', '深圳市前海九通金融控股有限公司', '实缴资本1亿，IDG风投2600万，集团公司、高管团队参股。之家天眼收录，天眼直投、百度V2；集团公司估值八亿，B轮融资1.6亿元 。', 'https://www.jspfanli.com/upload/platform/logo/75fe0b7d8fb5943482d62a4366940afa.png', '风投背景', 'B', '稳健', '民营', 'B轮', '无', '无', 'T+1', '11000万', '2015-04-10', '1', null, '', '2017-07-20 22:31:16', null), ('15', '花果金融', '北京花果信息技术有限公司', '2014年成立的北京老平台，实缴资本5000万，多年0坏账。', 'https://www.jspfanli.com/upload/platform/logo/e098c0ee13cf700646a6b077cf4321e8.png', 'ICP经营许可证,风投背景,已签存管协议', 'B', '稳健', '民营', 'A轮', '无', '京B2-20160164', 'T+1', '5000万', '2014-01-02', '1', null, '', '2017-07-20 22:31:18', null), ('16', '网利宝', '北京网利科技有限公司', '网利宝介绍网利宝隶属于网利金融，2014年9月正式上线，是一家创新的网贷信息中介平台。2014年2月，网利宝获得国际知名风投IDG资本A轮融资，2015年5月5日，网利宝获A股上市公司鸿利智汇(原鸿利光电)4000万美元B轮融资。', 'https://www.jspfanli.com/upload/platform/logo/QQ%E6%88%AA%E5%9B%BE20170411154140.jpg', 'ICP经营许可证,风投背景,主板上市', 'A', '保守', '上市公司', 'B轮', '无', '京ICP证160186号', 'T+1', '5000万', '2014-08-21', '1', null, '', '2017-07-20 22:31:13', null), ('18', '投融家', '杭州投融谱华互联网金融服务有限公司', '中国互联网金融协会会员、银行存管。\r\n创始人为原鑫合汇CEO及核心团队，母公司投融长富金融服务集团港股主板上市（00850.HK），市值15亿，浙商银行资金存管，累计注册人数111万，累计成交量30亿。', 'https://www.jspfanli.com/upload/platform/logo/5EEDP5T9_4VA.png', 'ICP经营许可证,互金会员,银行存管,香港上市', 'B', '稳健', '上市公司', '暂无', '浙商银行', '浙B2-20160376', 'T+1', '5000万', '2015-01-08', '1', null, '', '2017-07-20 22:31:22', null), ('19', '妥妥当', '安徽鼎冠金融信息服务有限公司', '妥妥当经过不断深耕发展，受到越来越多的用户关注及业内认可，平台先后获“中国卓越创新力网贷平台”、“中国互联网电子商务诚信示范企业”等荣誉，同时受到多家知名上市企业的青睐。2016年4月，安徽徽远成电气科技股份有限公司（证券简称：徽远成，证券代码：832943）、宁夏网虫信息技术股份有限公司（证券简称：网虫股份，证券代码：830767）相继入股，共同推动妥妥当在互联网普惠金融事业的蓬勃发展，将妥妥当打造为互联网金融信息服务领域的标杆品牌。', 'https://www.jspfanli.com/upload/platform/logo/QQ%E6%88%AA%E5%9B%BE20170506153440.png', '上市公司入股', 'C', '进取', '上市公司', 'A轮', '对接中', '无', 'T+1', '5400万', '2015-05-09', '1', null, '', '2017-07-20 22:31:01', null), ('21', '融和贷', '合肥安易贷投资管理有限公司', '融和贷央企瑞宝力源实业有限公司32%股权控股，合肥市国资委持有平台5%股权，于2015年1月13日正式上线运营，注册资本达1亿元人民币，实缴资本9000万元，15年08月获得安徽天池基金管理有限公司4000万元，靠谱平台。', 'https://www.jspfanli.com/upload/platform/logo/b673f61bb16b650c68020295133d0197.png', '风投背景,国资背景', 'B', '稳健', '国资', 'A轮', '无', '无', 'T+1', '10000万', '2015-01-13', '1', null, '', '2017-07-20 22:31:21', null), ('22', '网行金融', '上海高富金融信息服务有限公司', '2015年上线，注册并开通汇付资金托管，产品由保险机构承保，上海信息服务业行业协会会员单位，2016年9月与原形风控达成战略合作，2017年2月与宁波通商银行达成战略合作，强资产高披露，优质靠谱平台。', 'https://www.jspfanli.com/upload/platform/logo/89e3ca83957a8d1105892cc1d3ac4efc.png', '履约保证保险', 'C', '进取', '民营', '暂无', '无', '无', 'T+1', '3000万', '2015-04-09', '1', null, '', '2017-07-20 22:31:20', null), ('24', '中科金服', '上海尤鹿金融信息服务有限公司', '澳大利亚NSX交易所上市公司中科光电（股票代码ZKP）和上海中和世纪工贸有限公司共同投资设立。汇付天下托管。华兴银行存管协议已签订，具体见网址http://t.cn/RJbtdAj', 'https://www.jspfanli.com/upload/platform/logo/ac397d57bb4336e5d8582ebd71fce2d2_1.png', '上市背景', 'D', '激进', '国资', '暂无', '无', '无', 'T+1', '20000万', '2015-08-14', '1', null, '', '2017-07-20 22:31:21', null), ('25', '蛙蛙在线', '博越财富（深圳）金融信息服务有限公司', '主板上市公司背景，股东港主板上市公司长港敦信（证券代码02229.HK）,工商银行和新浪联合托管，实缴资本1亿。', 'https://www.jspfanli.com/upload/platform/logo/33879a90f5b17a3d2d11151c0d39ec8d.jpg', '香港上市,已签存管协议', 'C', '进取', '上市公司', '暂无', '无', '无', 'T+1', '10000万', '2016-05-09', '1', null, '', '2017-07-20 22:30:43', null), ('26', '宝象金融', '上海宝象金融信息服务有限公司', '宝象金融，国资系(信达金控)亿元级控股，之家排名98，之家农业金融类排名第5，上海市首届互联网金融理事单位，实缴1亿元，注册用户110万，交易量超33亿，与布谷鸟资本签署了战略合作，与民生银行推出理财借记卡，稳健平台。 \r\n', 'https://www.jspfanli.com/upload/platform/logo/a4b901463a1feb6ad93fa42f39f3f631.png', '风投背景,之家排名', 'B', '稳健', '民营', 'A轮', '无', '无', 'T+1', '10000万', '2015-04-02', '1', null, '', '2017-07-20 22:31:20', null), ('27', '聚胜财富', '上海聚胜投资管理有限公司', '上海聚胜投资管理有限公司股东为：浙江风洲实业发展有限公司（国有独资）拥有聚胜股份70%，上海中和世纪工贸有限公司拥有聚胜股份30%；公司注册资本金增至3亿元人民币；今年6月初正式上线银行存管。', 'https://www.jspfanli.com/upload/platform/logo/20cd81e29ff76b762f551afa259ddad1.jpg', '国资背景,银行存管', 'C', '进取', '国资', '暂无', '四川天府银行', '无', 'T+1', '10000万', '2016-09-08', '1', null, '', '2017-07-20 22:30:55', null), ('30', '汇通易贷', '深圳市汇通互联网信息服务有限公司', '华兴银行存管，2011年上线，已经稳定运营6年，稳银平台。', 'https://www.jspfanli.com/upload/platform/logo/5e277d9c337d66239a42710896d23b16.png', '银行存管,六年老平台', 'B', '稳健', '民营', '暂无', '华兴银行', '无', 'T+1', '5000万', '2011-10-01', '1', null, '', '2017-07-20 22:31:19', null), ('32', '信广立诚贷', '信广立诚贷（北京）科技有限公司', '立诚贷隶属于信广投资管理集团有限责任公司，公司位于北京CBD核心商业区，实缴注册资本5000万元。团队由金融、风控、法律及互联网科技人才组成，平均从业经验10年以上。', 'https://www.jspfanli.com/upload/platform/logo/QQ%E6%88%AA%E5%9B%BE20170409224026.png', '银行存管', 'B', '稳健', '民营', '暂无', '徽商银行', '京ICP证161169号', 'T+1', '5000万', '2014-10-08', '1', null, '', '2017-07-20 22:31:18', null), ('33', '温商贷', '鄯善温商贷互联网金融服务有限公司', '鄯善温商贷互联网金融服务有限公司是新疆鄯善天玖石材交易中心（国资背景）旗下的全资子公司，旨在为有资金需求的借款者和有闲散资金的投资者搭建诚信、规范、专业、透明的石材产业链互联网金融综合服务平台。 ', 'https://www.jspfanli.com/upload/platform/logo/3a9ce4edc258f0dfa29d4c375f619318.png', 'ICP经营许可证,国资背景', 'B', '稳健', '国资', '暂无', '无', '浙B2-20160189', 'T+1', '10000万', '2013-03-27', '1', null, '', '2017-07-20 22:31:18', null), ('34', '豆蔓智投（财路通）', '北京财路通网络科技有限公司', '首批互金会成员，AAA信用认证企业，CEO王崇羽,副总裁周萱和唐培鑫皆为亚马孙中国早期团队，荣获“互联网金融2016最佳安全服务奖”，百度V2推广，2015年9月，财路通与宜信，有利网等13家平台皆为首批接入互金系统的单位；2016年3月，财路通应邀成为中国互联网金融协会会员，财路通品牌升级为豆蔓智投，国际化域名douman.com也同步启用。', 'https://www.jspfanli.com/upload/platform/logo/QQ%E6%88%AA%E5%9B%BE20170411190120.png', '首批互金会员', 'B', '稳健', '民营', '暂无', '无', '无', 'T+1', '5000万', '2013-03-26', '1', null, '', '2017-07-20 22:31:17', null), ('35', '前海财富', '深圳汇通财富互联网金融服务有限公司', '实缴资本5000万，华兴银行存管。风险准备金(500万元)存管银行机构为中国农业银行深圳市分行。 ', 'https://www.jspfanli.com/upload/platform/logo/QQ%E6%88%AA%E5%9B%BE20170409224204.png', '银行存管', 'B', '稳健', '民营', '暂无', '华兴银行', '无', 'T+1', '5000万', '2014-12-01', '1', null, '', '2017-07-20 22:31:21', null), ('41', '中业兴融', '深圳中业兴融互联网金融服务有限公司', '深圳中业兴融互联网金融服务有限公司是一家运用现代网络信息技术引领金融创新的互联网金融信息中介服务平台，于2015年2月成立，实缴注册资本5000万元，凝聚了一批来自大型国有商业银行、股份制银行等金融机构以及国内互联网企业的专业人才，致力于打造中国安全的民间投融资平台。', 'https://www.jspfanli.com/upload/platform/logo/QQ%E6%88%AA%E5%9B%BE20170411214432.png', '银行存管', 'B', '稳健', '民营', '暂无', '上海华瑞银行', '无', 'T+1', '5000万', '2015-02-02', '1', null, '', '2017-07-20 22:31:19', null), ('49', '和云筹', '和云筹（北京）网络科技有限公司', '两年老平台，去年独家推广过小额。双ａｐｐ，有第三方托管，跟央企合作，央企承兑汇票贴现融资，央企母公司提供无限连带责任担保，优选以大企业央企承兑人的商业承兑汇票，实力靠谱透明平台，去年出品投资电影（一念天堂）。每月定期与大型企业央企核对项目，确保到期兑付．京ICP证140654号。银行存管对接中。\r\n', 'https://www.jspfanli.com/upload/platform/logo/QQ%E6%88%AA%E5%9B%BE20170414150251.jpg', 'ICP经营许可证', 'C', '进取', '民营', '暂无', '对接中', '京ICP证140654号', 'T+1', '5000万', '2014-12-18', '1', null, '', '2017-07-20 22:31:01', null), ('52', '金和所', '上海众苑金融信息服务有限公司', '金和所（www.jinhefax.com）是京朋国际集团1亿元人民币投资控股互联网金融平台，由上海众苑金融信息服务有限公司负责运营，公司注册资金10000万元', 'https://www.jspfanli.com/upload/platform/logo/06e779ab4687ea3a319176b997bb04e5.png', 'ICP经营许可证', 'D', '激进', '民营', '暂无', '无', '沪ICP备16016736号-2', 'T+1', '10000万', '2016-08-01', '1', null, '', '2017-07-20 22:31:16', null), ('56', '金苏在线', '金苏（苏州）投资管理股份有限公司', '成立于2005年，金苏股份旗下平台，金苏股份计划在“新三板”完成上市目标，CCTV-2财经频道重点报道平台，实缴2000万，国有控股公司3亿注册资金金泰宏业合作担保标的第三方托管。', 'https://www.jspfanli.com/upload/platform/logo/QQ%E5%9B%BE%E7%89%8720170417112020.png', '国资担保', 'D', '激进', '国资', '暂无', '无', '无', 'T+1', '2000万', '2014-06-01', '1', null, '', '2017-07-20 22:31:16', null), ('59', '华银金融', '深圳市华银金融服务有限公司', '2014成立，华兴银行资金存管，注册资金1亿元，深圳市互联网金融商会会员单位，总部位于深圳市，是一家专注于地产供应链生态圈的金融信息在线服务平台。\r\n上市公司众彩股份全资子公司入股。', 'https://www.jspfanli.com/upload/platform/logo/eafa49fe006632e3b43dd195b4f66498.png', '银行存管', 'C', '进取', '民营', '暂无', '华兴银行', '无', 'T+1', '10000万', '2014-11-21', '1', null, '', '2017-07-20 22:31:15', null), ('66', '千林贷', '深圳千林互联网金融服务有限公司', '千林贷是千林集团旗下成长最快的创新互联网金融P2C理财服务平台，深圳千林互联网金融服务有限公司为西安千林投资集团有限公司子公司。\r\n西安千林投资集团有限公司为中国金融管理协会副会长，陕西省分会会长。千林集团以金融产品投资与开发为主，业务涵盖了千林投资、千林基 金、千林贷和千林支付等。集团先后荣获“中国银监会企业信用评价AAA级信用企业”、“2014中国互联网十佳企业”、“2014金融行业综合实力十强企 业”、“中国金融行业诚信联盟成员单位”等荣誉称号，并获得2014年由中国证券投资基金业协会颁发的“私募投资基金管理人”证书，已跻身中国金融业强企 行列。', 'https://www.jspfanli.com/upload/platform/logo/20160909135025s_.png', '', 'C', '进取', '民营', '暂无', '无', '无', '', '10000万', '2014-12-16', '1', null, '', '2017-07-20 22:31:14', null), ('68', '蝴蝶银', '深圳前海蝴蝶效应互联网金融服务有限公司', '蝴蝶银是深圳前海蝴蝶效应金融控股集团旗下专业的互联网金融理财服务平台，由深圳前海蝴蝶效应互联网金融服务有限公司创立并运营，注册资金5亿元，于2015年12月正式上线，总部位于深圳前海。蝴蝶效应金融控股集团，是一家致力于为全球投资者及企业提供投融资方案、综合金融服务及相关业务的集团公司，集团资本力量雄厚，多方并举战略布局金融与类金融、互联网金融、产业基金、文化艺术、金融社交平台、国际资本六大板块。蝴蝶银，拥有专业的运营团队，运用创新的互联网金融工具，以健全的风险管控体系为基础，打造安全、透明、高效、专业的互联网金融理财服务平台', 'https://www.jspfanli.com/upload/platform/logo/QQ%E6%88%AA%E5%9B%BE20170419155425.jpg', '银行存管', 'C', '进取', '民营', '暂无', '华兴银行', '无', 'T+1', '50000万', '2015-08-07', '1', null, '', '2017-07-20 22:30:43', null), ('70', '理想宝', '深圳市理想电子商务有限公司', '理想宝（http://www.id68.cn）是前海理想金融控股有限公司（注册资本：1亿元）旗下的互联网金融平台，于2014年5月上线运营。平台秉持“安全、诚信、高效、共赢”理念，严格遵守国家法律法规，采用先进的互联网思维和创新的技术，旨在帮助千千万万的中小企业、个体工商户、创业者和个人解决融资难、借贷信息不对称等问题，提供专业、透明、高效的投资理财服务。', 'https://www.jspfanli.com/upload/platform/logo/QQ%E6%88%AA%E5%9B%BE20170419200205.png', '上市背景,之家排名,国金联合会成员', 'A', '保守', '上市公司', '暂无', '南粤银行', '无', 'T+1', '10000万', '2014-05-23', '1', null, '', '2017-07-20 22:31:14', null), ('71', '短融网 ', '久亿恒远（北京）科技有限公司', '短融网隶属于久亿恒远（北京）科技有限公司，是国内首家以短期融资为核心业务的互联网金融平台。\r\n短期贷款成本高，短期理财收益低一直是市场客户两大痛点。短融网在资产端专注周期短，低风险，易变现的资产以及可标准化，可复制，可管控的业务模式和风控模式。针对个人和中小企业的短期资金需求，短融网开发了车辆抵押贷款（车押宝），房产抵押贷款（房押宝）和中小企业金融产品（企业宝），围绕大企业产业链上下游的金融产品（供应链金融）以及针对农业和农村金融需求的产品（金农宝），涵盖各个行业和阶层的短期资金需求。', 'https://www.jspfanli.com/upload/platform/logo/20160118154312s_.jpg', '风投背景,银行存管,之家排名', 'A', '保守', '民营', 'B轮', '厦门银行', '无', 'T+1', '5494万', '2016-05-10', '1', null, '', '2017-07-20 22:31:14', null), ('73', '团贷网', '东莞团贷网互联网科技服务有限公司', '东莞团贷网互联网科技服务有限公司(以下简称团贷网)，于2012年正式上线运营，是一家专注于帮扶小微企业的投融资信息中介服务平台。经过五年的耕耘和发展，于2016年10月顺利启动了集团化布局，目前已经成为一家全国性的综合金融服务集团，并在行业处于领先地位。', 'https://www.jspfanli.com/upload/platform/logo/QQ%E6%88%AA%E5%9B%BE20170425110222.png', '首批互金会员,上市背景,风投背景,之家排名', 'A', '保守', '上市公司', 'C轮', '厦门银行', '无', 'T+1', '10293万', '2012-07-15', '1', null, '', '2017-07-20 22:31:14', null), ('77', '金鲤金服', '阿里创投网络科技（北京）有限公司', '公司旗下的互联网平台-金鲤金服，以“车主+”为中心，不断创新，稳健前行，视引领互联网金融平台正规发展为己任，致力于打造国内最大的汽车O2O投融资平台和本地化汽车投融资一站式投资服务平台。\r\n金鲤金服利用互联网平台优势，并依托自身先进的风险管控体系及强大的信息技术力量持续整合业内高质资源，与国内众多领先的本地汽车服务企业及国内众多领先的VC等金融机构强强联合、资源共享、互惠共赢。通过线上线下结合的模式（On-line To Offline）,为平台用户及广大机构提供最优质、最省心的综合服务。金鲤金服是阿里创投集团旗下品牌之一，总部位于北京，是阿里创投集团专为国内车主和理财客户打造的最规范、最透明、最安全、最高效的互联网金融交易信息服务平台。', 'https://www.jspfanli.com/upload/platform/logo/QQ%E6%88%AA%E5%9B%BE20170518172435.png', '', 'D', '激进', '民营', '暂无', '无', '京B2-20160096', 'T+1', '10000万', '2015-07-28', '1', null, '', '2017-07-20 22:31:02', null), ('82', '温州贷', '上海融斗金融信息服务有限公司', 'A股公司报喜鸟持有平台10%股份，已签新网银行存管，正在技术对接中，温州贷（wzdai.com) 隶属上海融斗金融信息服务有限公司，于2012年2月正式上线运营。借力温州金融改革的历史机遇，自公司成立三年来，致力于二手车贷款、房产抵押贷款、投资理财贷款等相关业务，在业内一直处于领先地位，成为互联网金融发展最快的公司之一，目前已和数10家融资性担保公司和小额贷款公司建立了合作伙伴关系。', 'https://www.jspfanli.com/upload/platform/logo/QQ%E6%88%AA%E5%9B%BE20170430170700.png', 'A轮融资,A股上市', 'A', '保守', '上市公司', 'A轮', '新网银行', '无', 'T+1', '5000万', '2012-02-14', '1', null, '', '2017-07-20 22:31:13', null), ('83', '钱牛牛', '深圳市钱生钱互联网金融服务有限公司', '京东金融战略融资，恒丰银行资金存管，专注智能模型的综合金融科技平台，由来自腾讯、百度、大众点评等知名互联网公司和国内权威金融机构高管联合创办，是一家科技基因极强的年轻金融企业。', 'https://www.jspfanli.com/upload/platform/logo/logo_120-86b7e8b67e.png', '首批互金会员,风投背景,银行存管', 'A', '保守', '民营', 'B轮', '恒丰银行', '无', 'T+1', '1000万', '2014-09-15', '1', null, '', '2017-07-20 22:31:12', null), ('87', '房金网', '上海雁鸿翔金融信息服务有限公司', '房金网：东方航空战略合作伙伴，平安银行本息担保，央视财经杂志专题报道，国内权威财经电视台《第一财经》和财经著名杂志《财富人生》专访，实缴注册资金1亿元人民币 \r\n', 'https://www.jspfanli.com/upload/platform/logo/ca6d7bb123ec49e37654378fe46753a0_xduqawZ.png', '风险准备金', 'D', '激进', '民营', '暂无', '无', '无', 'T+1', '10000万', '2016-08-01', '1', null, '', '2017-07-20 22:31:12', null), ('89', '普天金安', '北京鑫淼诚意科技发展有限公司', '普天金安（www.putianjinan.com)国资系互联网金融平台，北京鑫淼诚意科技 发展有限公司旗下专业的互联网金融平台，河北安同投资管理有限公司战略入股， 河北安同投资管理有限公司是由国资企业中安亚太控股有限公司独资设立，目前国资持股比例达到51%，注册资金5000万元。秉承“普天之下，金融安全”的运营宗旨， 致力于最大限度地提供透明、公开、直接、安全的专业金融服务。', 'https://www.jspfanli.com/upload/platform/logo/QQ%E6%88%AA%E5%9B%BE20170509162821.png', '国资背景,银行存管', 'D', '激进', '国资', '暂无', '恒丰银行', '无', 'T+1', '5000万', '2016-10-27', '1', null, '', '2017-07-20 22:30:48', null), ('90', '小米贷', '上海合米金融信息服务有限公司', '小米贷是隶属于上海合米金融信息服务有限公司。创始团队是来自于金融和互联网行业的资深人士，怀着普惠金融的共同理想而并肩作战。我们希望通过跨界的合作与知识的共享，运用互联网技术颠覆一些金融行业的固有形态，顺势而行，缔造普惠金融的美好明天。\r\n小米贷立足于金融信息服务平台，致力于为中小微企业提供高效、便捷、安全且具有市场竞争力融资成本的金融服务；为个人投资者开辟安全、便捷、高收益的投资渠道；为担保公司、小额贷款公司等信贷服务商拓展业务渠道和规模。\r\n小米贷充分理解网络金融的本质，把投资人的利益视作生命。小米贷平台展示的融资项目全部由担保机构提供100%本息担保，同时构筑顶级风控体系和团队，严格筛选第三方担保机和借款人，为投资者构筑层层防火墙，充分保障投资人的利益。', 'https://www.jspfanli.com/upload/platform/logo/QQ%E5%9B%BE%E7%89%8720170509163123.png', '', 'E', '高返', '民营', '暂无', '无', '无', 'T+1', '1000万', '2014-06-02', '1', null, '', '2017-07-20 22:31:12', null), ('91', '大圣理财 ', '国丞创投（上海）金融信息服务有限公司', '大圣理财是国内优质的互联网金融服务平台，由国丞创投（上海）金融信息服务有限公司（简称:“国丞创投”）于2015年推出。大圣理财以客户需求为导向，打造O2O（线上产品、线下服务点相结合）理财平台。依据客户理财需求、财务状况、投资偏好等各方面的综合分析，以风险控制为核心，严格挑选优秀产品并进行多项资产配置，为投资人创造安全稳健、灵活变现的理财方式。至今，平台荣获诚信网站、网络认证企业信用评级、ICP备案、网络公安备案等多项行业殊荣。\r\n', 'https://www.jspfanli.com/upload/platform/logo/20160113113142s__hrrePNj.png', '', 'C', '进取', '民营', '暂无', '无', '无', 'T+1', '20000万', '2016-01-01', '1', null, '', '2017-07-20 22:31:11', null), ('92', '好会理财', '天津恒普惠信息技术服务有限公司', '好会理财互联网金融平台（goodlc.cn）由天津恒普惠信息技术服务有限公司运营，公司运营团队由金融业务、风控管理、互联网技术、电子商务等领域专业人才组成。\r\n好会理财以简单、高效、透明、安全为服务宗旨，致力于利用先进的互联网技术打造丰富的互联网金融产品，为投资者与有金融业务需求的客户搭建信息中介平台，助力社会实体经济发展。', 'https://www.jspfanli.com/upload/platform/logo/1_0KM4tig.jpg', '互金会员', 'E', '高返', '民营', '暂无', '无', '无', 'T+1', '10000万', '2017-01-06', '1', null, '', '2017-07-20 22:31:11', null), ('101', '瑞钱宝 ', '北京瑞钱宝资产管理服务有限公司', '瑞钱宝是一家大型国企中国华融全资子公司华融天泽投资参股的综合金融资产交易平台，2014年8月正式上线。瑞钱宝致力于为广大投资用户打造一个安全、快捷、透明的在线理财平台，帮助中小企业解决融资难、融资贵问题，实现普惠金融的社会价值，为经济发展和社会和谐贡献一份力量。', 'https://www.jspfanli.com/upload/platform/logo/1_rKU0R6v.jpg', '国资背景', 'C', '进取', '国资', '暂无', '无', '京ICP证160571号', 'T+1', '3333万', '2014-05-04', '1', null, '', '2017-07-20 22:31:09', null), ('104', '乐享宝', '乐享宝（厦门）金融信息服务有限公司', '乐享宝(www.lexiangbao.com)是首家央媒入股的国资背景互联网金融平台，获《经济》杂志社旗下公司入股。平台实缴资金3500万元人民币，总部位于厦门市观音山国际商务运营中心。\r\n乐享宝在合法、合规的前提下，致力于为个人和企业提供金融信息中介服务，通过专业的风险委员会，联动优势全程资金隔离，多重安全防线分散风险和互联网金融云大数据，以收益权转让的形式，向借款方与投资方提供了一个快捷安全的对接窗口，是集信息搜集、信息公布、资信评估、信息交互、借贷撮合服务于一体的综合型互联网金融信息服务平台.', 'https://www.jspfanli.com/upload/platform/logo/1_UUHRp6p.jpg', '国资背景', 'C', '进取', '国资', '暂无', '无', '无', 'T+1', '5000万', '2016-04-12', '1', null, '', '2017-07-20 22:31:09', null), ('105', '甬e贷 ', '宁波旺信投资管理有限公司', ' 甬e贷（宁波旺信投资管理有限公司）总部位于宁波，公司多位股东均实力雄厚，并且拥有多年金融行业从业经验，对宁波本土市场有着独到的理解。公司在经过多年的不懈努力之后，当下已成为宁波车贷行业的领军品牌。目前公司旗下共拥有4家子公司，产业涉及包括车业、环保、港口、农业等诸多领域。', 'https://www.jspfanli.com/upload/platform/logo/QQ%E6%88%AA%E5%9B%BE20170516122551.png', '', 'D', '激进', '民营', '暂无', '无', '浙B2-20160085', 'T+1', '5000万', '2015-05-21', '1', null, '', '2017-07-20 22:31:08', null), ('106', '牛伯伯理财', '深圳三牛互联网金融服务有限公司', '牛伯伯平台的筹创公司为深圳三牛互联网金融服务有限公司， 是一家国有绝对控股企业（80%国有资产），其股东主体为中晟贸易发展中心。中晟贸易隶属于上海和平影视集团，是经国务院发展研究中心市场经济研究所批准成立的央级国有控股企业。\r\n拥有国企优良基因和互联网时代特性的创新型金融服务平台， 注定具备远超同类平台的实力和水准。依靠主体资源和结构优势，牛伯伯在实际运营中将释放更多行业利益，从根本上保障广大投融资者的切身权益，务求提升社会资源效用，实现全民财富增值。', 'https://www.jspfanli.com/upload/platform/logo/3.jpg', '国资背景', 'C', '进取', '国资', '暂无', '无', '无', '', '5000万', '2016-07-18', '1', null, '', '2017-07-20 22:31:08', null), ('107', '金汇微金', '金汇微金（天津）网络科技有限公司', ' 金汇微金（天津）网络科技有限公司联合担保公司、保险公司、小额贷款公司、征信信息公司、商业银行、支付公司等机构，研发优质P2P投资产品，以健全的风险管控体系为基础，以服务小微为业务方向，为借贷双方提供专业、高效、安全的互联网金融服务，致力于通过优质服务及不断创新，成为全国领先并具有重要影响力的金融服务机构。', 'https://www.jspfanli.com/upload/platform/logo/4.jpg', '', 'E', '高返', '民营', '暂无', '无', '无', 'T+1', '3000万', '2017-01-04', '1', null, '', '2017-07-20 22:31:07', null), ('108', '暴雪金融', '上海浩博金融信息服务有限公司', '暴雪金融作为中国第一家不良资产安全投融资服务平台，致力于打造创新的互联网+不良资产的产业链投融资生态圈，运用多维度手段，突破传统不良资产处置的固有模式，完美解决互联网投资产品的安全与收益难以两全、大宗不良资产变现流通困难的两大痛点，实现房地产不良资产的高效快捷优化处置，同时对接资金端提供互联网投融资功能，开创互联网+房地产不良资产处置的新纪元。', 'https://www.jspfanli.com/upload/platform/logo/1_jqh3Cio.jpg', '', 'E', '高返', '民营', '暂无', '无', '无', 'T+1', '10000万', '2014-08-05', '1', null, '', '2017-07-20 22:31:07', null), ('109', '百金贷', '北京荣盛信联信息技术有限公司', '百金贷，3年老平台，车贷排名前30，网贷天眼战略合作品牌，贵州银行存管已上线，以运营模式和优质的资产端闻名于汽车金融市场，车分期“以租代购”逾期0风险，交易量10亿，稳健理财。', '/upload/platform/logo/o_1bnq394r8104314rn2jt1m2718ei7.jpg', 'ICP经营许可证,银行存管', 'C', '进取', '民营', '暂无', '贵州银行存管', '京B2-20170736', 'T+1', '5000万', '2015-03-01', '1', null, '', '2017-07-20 22:31:02', '2017-08-18 15:45:03'), ('113', '智融财富', '深圳市智融财富电商投资有限公司', '智融财富（全称：深圳市智融财富电商投资有限公司）是创新的互联网金融公司,创立于2013年8月，注册资本实到人民币5500万元，位于深圳市繁华的福田CBD商务中心，是一家集电子商务服务、投资理财服务等互联网服务为一体的金融服务公司。\r\n我们通过经营深入了解深圳各层次融资市场的担保授信方式、风险控制、融资价格，有着丰富的融资操作经验和创新的商业模式，与多家金融机构建立了信任关系,致力于为企业和个人客户提供全方位资金服务解决方案，打造客户的终身借贷平台，并沿着创新金融的方向不断迈向前进，实现共赢辉煌。', 'https://www.jspfanli.com/upload/platform/logo/1_qEp2yQE.jpg', '已签存管协议', 'C', '进取', '民营', '暂无', '无', '无', 'T+1', '5500万', '2013-08-27', '1', null, '', '2017-07-20 22:30:52', null), ('114', '宝通网', '深圳市宝宝贷互联网金融服务有限公司', '宝通网运营主体为深圳市宝宝贷互联网金融服务有限公司。公司创办于2014年11月，注册资本为1亿元人民币，是经由深圳市场监督管理局审核批准获得“互联网金融服务”企业资质的互联网金融平台。2017年3月初，宝通网正式上线运营。秉承着“合规、透明、高效、共赢”的经营理念，结合互联网技术和金融服务，宝通网致力于为用户提供专业、优质的互联网理财服务，为广大中小微企业提供便捷、高效的融资服务，努力践行普惠金融，助力实体经济发展。', 'https://www.jspfanli.com/upload/platform/logo/1_rRt8iqm.jpg', '', 'D', '激进', '民营', '暂无', '无', '无', 'T+1', '10000万', '2016-12-12', '1', null, '', '2017-07-20 22:31:05', null), ('117', '黄金钱庄', '深圳市鑫冠力黄金网络科技有限公司', '黄金钱庄是鑫冠力金融集团旗下的互联网黄金增值理财平台，由深圳市鑫冠力黄金网络科技有限公司负责开发运营，总部位于深圳福田CBD。\r\n黄金钱庄通过互联网平台为用户提供实物黄金交易、购买和存金生息等服务，价格实时对接上海黄金交易所和国际金价，确保用户购金价格更低，超低门槛，1元（或1毫克）起购。', 'https://www.jspfanli.com/upload/platform/logo/3_qIRYjXu.jpg', '', 'D', '激进', '民营', '暂无', '无', '无', 'T+1', '5000万', '2016-03-02', '1', null, '', '2017-07-20 22:31:06', null), ('118', '果拾金融', '北京维纳科技有限公司', '果拾金融成立于2017年2月，其创立的初衷是提升全社会特别是小微企业资金融通效率、降低融资成本，破解融资难、融资贵，以互联网方式践行普惠金融的专业服务平台。后与大型国资企业 “中新房国石（天津）有限公司”联姻，进行股权合作、联手经营，成为国资100%控股理财平台。', 'https://www.jspfanli.com/upload/platform/logo/1_WlZhEI0.jpg', '国资背景', 'D', '激进', '国资', '暂无', '无', '无', 'T+1', '1300万', '2014-08-15', '1', null, '', '2017-07-20 22:31:06', null), ('119', '互存金融', '杭州伟滔金融信息服务有限公司', '2016年1月注册成立。公司注册资本5000万元人民币。 互存金融以政府安置房、不良资产处置、绿色生态农业为产品核心，致力于在资产处置，投资管理，股权投资等方面提供专业的金融全方位服务。\r\n', 'https://www.jspfanli.com/upload/platform/logo/1_PQcpkwi.jpg', '国资背景', 'D', '激进', '国资', '暂无', '无', '无', 'T+1', '5000万', '2016-12-26', '1', null, '', '2017-07-20 22:31:05', null), ('121', '春天金融', '深圳前海阳睿互联网金融服务有限公司', '春天金融（www.79jr.com）是国内互联网金融行业中专注于服务及安全的创新型金融信息服务平台，平台由深圳前海阳睿互联网金融服务有限公司运营。春天金融通过创新的金融思维、先进的技术平台、丰富的业务模式和严谨的风控流程，为投资者提供收益合理、风险可控、资金流转便捷的创新型线上投资理财服务。', 'https://www.jspfanli.com/upload/platform/logo/1_RBZg6lA.jpg', '已签存管协议', 'D', '激进', '民营', '暂无', '无', '无', 'T+1', '7900万', '2016-11-17', '1', null, '', '2017-07-20 22:31:04', null), ('123', '广润财富', '湖南广润网络科技有限公司', ' 广润财富（www.guangruncf.com）是隶属于湖南广润网络科技有限公司旗下的互联网金融服务平台，于2015年1月15日正式上线运营。广润公司成立于2014年12月，位于著名的历史文化名城湖南岳阳，注册资本壹亿元人民币，旨在为有投资理财及融资需求的个体经营和中小微企业建立起高效、透明、安全、便捷的互联网金融服务。', 'https://www.jspfanli.com/upload/platform/logo/1_gFot5wy.jpg', '', 'E', '高返', '民营', '暂无', '无', '无', 'T+1', '10000万', '2015-01-15', '1', null, '', '2017-07-20 22:31:04', null), ('124', '分秒金融', '保通控股有限公司', '分秒金融（www.fenmiaojinrong.com）是保通控股有限公司开发运营的网络借贷信息服务平台，于2016年12月正式上线，致力于为广大投资者和有融资需求的企业或提供专业、高效、安全的网络借贷信息服务。 分秒金融（微信号公众号“分秒金融”）平台是一家专门从事投资管理、资产管理、项目投资、投资咨询等业务的大型企业，注册资金5亿元，成立初期便获得央企多级全资子公司的战略投资。', 'https://www.jspfanli.com/upload/platform/logo/1_EKf0Xox.jpg', '央企参股', 'C', '进取', '民营', '暂无', '无', '无', 'T+1', '50000万', '2016-05-11', '1', null, '', '2017-07-20 22:31:03', null), ('128', '握握贷 ', '山东青联投资有限公司', '握握贷（www.wowodai.cn）互联网金融服务中心隶属于山东青联投资有限公司,低门槛高收益，安全透明，并与知名第三方担保机构、第三方资金托管平台建立战略合作伙伴关系，实地风控机制，确保用户资金安全有保障！青联投资有限公司是一家专注于中国市场的投资公司，先后在科技、农业、消费品及消费服务业、旅游业、教育业、生命科学等领域的早期和成长期项目投资逾亿元。公司成立于2008年，注册资本金5000万元人民币。', 'https://www.jspfanli.com/upload/platform/logo/1_T2vNOwz.jpg', '国资背景', 'D', '激进', '国资', '暂无', '无', '无', 'T+1', '5000万', '2014-04-14', '1', null, '', '2017-07-20 22:31:00', null), ('130', '易通贷', '北京易通贷金融信息服务有限公司', '易通贷（www.etongdai.com）成立于2011年3月，注册资金1亿元人民币，由北京易通贷金融信息服务有限公司负责建设及运营，国内首创产融结合模式，风控严谨，制度完善，交易系统先进。作为成熟投资人选择的安全投资平台，通过与第三方小额贷款公司、第三方担保公司、律师集团、银行机构合作，并通过收购征信公司等方式，打造出创新的互联网金融模式，为投资人提供强大的全面的资金安全保障，并为新兴行业中高速发展中的中小型企业提供新型融资方式。', 'https://www.jspfanli.com/upload/platform/logo/3_MZQoO3K.jpg', 'ICP经营许可证,六年老平台,实缴一亿', 'B', '稳健', '民营', '暂无', '无', '京ICP证140393号', 'T+1', '10000万', '2011-03-01', '1', null, '', '2017-07-20 22:31:00', null), ('135', '爱钱进', '爱钱进（北京）信息科技有限公司', '爱钱进（北京）信息科技有限公司（以下简称：爱钱进），系凡普金科企业发展（上海）有限公司（简称“凡普金科”）旗下网络借贷信息中介平台。专注于大数据处理和金融科技研发，为小微个人提供更高效的智能金融服务和解决方案，用科技缩短人和金融服务的距离，促进金融服务平等化，努力践行普惠金融。', 'https://www.jspfanli.com/upload/platform/logo/1_zGm33Fs.jpg', '风投背景,银行存管,之家排名,4年老平台', 'A', '保守', '民营', 'A轮', '华夏银行', '无', 'T+1', '20000万', '2014-03-03', '1', null, '', '2017-07-20 22:30:59', null), ('136', '即利宝', '苏州恒田投资发展有限公司', '即利宝理财简介即利宝理财（www.jilibao168.com），是苏州恒田投资发展有限公司在互联网金融时代推出的移动端理财平台。苏州恒田投资发展有限公司（以下简称：恒田投资），公司注册资金五千万元整，致力为有借款需求的中小微企业和有投资理财需求的个人牵线搭桥，实现资金融通、互利双赢。', 'https://www.jspfanli.com/upload/platform/logo/1_g8QtR4l.jpg', '', 'E', '高返', '民营', '暂无', '无', '无', 'T+1', '5000万', '2011-08-16', '1', null, '', '2017-07-20 22:30:59', null), ('137', '正经事理财', '浙江宰海网络科技有限公司', '正经事隶属浙江宰海网络科技有限公司旗下，由一群互联网精英和金融专家共同打造。金融团队成员有近20年的金融投资及风险把控经验，技术团队拥有腾讯、阿里巴巴、网易等国内外顶级互联网企业的产品研发经验。原 念钱安 老板 工商可以查询\r\n', 'https://www.jspfanli.com/upload/platform/logo/QQ%E6%88%AA%E5%9B%BE20170604221310.jpg', '', 'D', '激进', '民营', '暂无', '无', '无', 'T+1', '5001万', '2016-03-21', '1', null, '', '2017-07-20 22:30:59', null), ('141', '爱投易贷', '安徽爱投金融信息服务有限公司', '爱投易贷目的是打造中国最大的网络投融资平台之一。为市场提供创新的金融技术解决方案，互联网借贷平台帮助个人和企业在互联网上轻松获得贷款，通过爱投易贷强大、简单、安全的平台基础设施，优质的借款人可以获得来自于中国百万投资人的资金支持。利用技术降低贷款的获客、运营、服务、贷后管理成本，从而可以提供更低利率、更好的借款产品。 秉承为用户创造价值的经营理念，做专业投资理财平台，致力于提供可信赖的投融资服务。公司以多元的市场渠道、强大的技术团队，坚实地走在行业前端。立即免费注册助你财富增值。\r\n', 'https://www.jspfanli.com/upload/platform/logo/QQ%E6%88%AA%E5%9B%BE20170606161236.png', '已签存管协议', 'D', '激进', '民营', '暂无', '无', '无', '当天到账', '2000万', '2016-02-17', '1', null, '', '2017-07-20 22:30:36', null), ('143', '京都贷', '北京融得宝投资管理有限公司', '京都贷为北京融得宝投资管理有限公司下属互联网金融信息服务平台，于2014年10月上线，一直安全运营，标的无一例违约。平台核心团队成员具有多年的金融服务工作经验及强大的风险掌控能力，通过专业化的服务，为中国的中小微企业及个体商户提供创新型、高质量、一站式融资服务。', 'https://www.jspfanli.com/upload/platform/logo/1_Q0GQRfg.png', '已签存管协议', 'D', '激进', '民营', '暂无', '无', '无', 'T+1', '5000万', '2014-04-28', '1', null, '', '2017-07-20 22:30:58', null), ('144', '酷盈网 ', '中凯拓富（北京）金融信息服务有限公司', '酷盈网（ www.51coolwin.com）是由中凯拓富（北京）金融信息服务有限公司和山东省鲁岳经济开发总公司共同投资设立，专业从事供应链金融服务的互联网金融公司。作为专业的中介服务平台，酷盈网由新浪支付提供第三方支付通道以及账户托管服务，信息公开透明，不自融，不设资金池。公司实缴注册资本5000万元。', 'https://www.jspfanli.com/upload/platform/logo/QQ%E6%88%AA%E5%9B%BE20170609113342.jpg', '', 'E', '高返', '民营', '暂无', '无', '无', 'T+1', '5000万', '2016-01-05', '1', null, '', '2017-07-20 22:30:45', null), ('146', '虹金所', '上海虹奥金融信息服务有限公司', '虹金所是由上海虹奥金融信息服务有限公司（注册地：上海自贸区，注册资金：一亿五百万）负责建设和运营的创新型在线金融信息服务平台。依托多年线下财富运作和金融管理经验，平台聚集了丰富的优质资产项目和忠实客户群体，逐渐建立起一整套安全、规范的标准化业务管理和风控体系，为其转型升级及强势崛起打下了坚实的基础。', 'https://www.jspfanli.com/upload/platform/logo/1_wT0zS8I.jpg', '', 'E', '高返', '民营', '暂无', '无', '无', 'T+1', '10500万', '2016-05-10', '1', null, '', '2017-07-20 22:30:58', null), ('147', '羊宝宝', '杭州旭洋科技有限公司', ' 羊宝宝是一家专注于互联网金融服务的平台，遵行现形势下政策而努力打造的一款互金领域品牌，为了注入品牌活力，公司不惜大资金在基础上做到厚实有力，从而促进羊宝宝在互联网金融领域的有效运转、不断壮大。\r\n 在平台上线之际，公司在“幕后”磨炼数载，力求做到“万事俱备只等上线”良好开端。并在新形势下呈现后来者居上的优秀局面。羊宝宝的上线，一方面将积极响应普惠政策的全球号召理念，发挥蓄势力量和中国精神，给行业带去一个新生力；一方面羊宝宝的资深金融人才，将通过有序科学的运营发挥赶超优势，为羊宝宝致力于成为一个兼具有为健康、生态、科技、环保等产业服务同时，彰显出互联网时代特性新型投融资平台，全力打造标准化经营、人性化的体验做足充分准备。', 'https://www.jspfanli.com/upload/platform/logo/1_Sv6gtCl.jpg', '', 'E', '高返', '民营', '暂无', '无', '无', 'T+1', '5000万', '2017-05-05', '1', null, '', '2017-07-20 22:30:57', null), ('148', '百仁贷', '百仁财富网络科技（北京）有限公司', '百仁贷于2015年正式上线，由百仁财富网络科技（北京）有限公司独立运营。 实缴注册资本为1亿元人民币， 总部位于北京CBD核心区金地中心。 依托线下多年积累的风控技术与坚实的互联网技术，以其诚信、透明、公平、高效、创新的特征赢得了良好的用户口碑。为投资者提供强大全面的资金安全保障，并 为新兴行业中高速发展的中小型企业提供新型融资方式。', 'https://www.jspfanli.com/upload/platform/logo/1_xHmvzKr.jpg', '已签存管协议', 'D', '激进', '民营', '暂无', '无', '无', 'T+1', '10000万', '2016-04-15', '1', null, '', '2017-07-20 22:30:57', null), ('150', '牛牛金服', '青岛牛牛金服网络信息服务有限公司', '牛牛金服正式成立于2015年12月，是一家专注于互联网金融、特殊资产处置生态链建设的创新型互联网企业。注册资本3000万，办公职场2000平米，由一支有着丰富金融、经管、互联网经验的团队组成。\r\n', 'https://www.jspfanli.com/upload/platform/logo/1_wfZe3hP.jpg', '', 'E', '高返', '民营', '暂无', '无', '无', 'T+1', '3000万', '2016-01-04', '1', null, '', '2017-07-20 22:30:51', null), ('151', '宜投金服', '杭州宜投金融服务外包有限公司', '宜投金服,2年老平台，双APP，存管+ICP，网贷天眼收录，银行存管协议已签，即将上线银行存管（华兴银行），与上市公司大智慧达成战略合作，ICP已下来，国企入股对接中', 'https://www.jspfanli.com/upload/platform/logo/QQ%E6%88%AA%E5%9B%BE20170613003628.png', 'ICP经营许可证,已签存管协议', 'D', '激进', '民营', '暂无', '已签华兴（未正式上线）', '浙B2-20170408号', 'T+1', '3000万', '2015-07-15', '1', null, '', '2017-07-20 22:30:56', null), ('152', '钱夹理财', '北京昂道网络科技有限公司', '钱夹理财，上市系，与上市公司世纪工场（830888）运营的o2o平台“票夹”合作，投资人出借资金后，全部标的均由世纪工场承担还本付息责任，昂道金融是集互联网平台、实体运营模式于一体的现代化综合金融服务机构，昂道还有昂道招财猫，连连支付，稳健羊毛。', 'https://www.jspfanli.com/upload/platform/logo/QQ%E6%88%AA%E5%9B%BE20170613004756.png', '', 'D', '激进', '民营', '暂无', '无', '京B2-20170501', 'T+1', '5000万', '2015-12-19', '1', null, '', '2017-07-20 22:30:56', null), ('154', '乐投天下', '中融乐投金融信息服务（北京）有限公司', '乐投天下，由伦敦商学院、清华大学、中国人民大学等知名学府毕业且在金融和互联网领域工作多年的专业团队创建。风险准备金招商银行存管，定期网站公布。2014年9月获得原子创投的数百万元天使轮融资，2015年8月获得安芙兰创投、16年京北投资3000万元B轮融资。16年12月获文化部直属企业中国文化艺术有限公司全资收购', 'https://www.jspfanli.com/upload/platform/logo/QQ%E6%88%AA%E5%9B%BE20170613014237.png', '国资背景,已签存管协议,B轮融资', 'B', '稳健', '国资', 'B轮', '已签网新银行存管协议', '无', 'T+1', '1513万', '2014-10-31', '1', null, '', '2017-07-20 22:30:55', null), ('155', '幸福钱庄', '善林（上海）金融信息服务有限公司', '善林集团董事长周伯云先生毕业于北京大学EMBA，高通盛融（北京）投资基金管理有限公司的创始人。民营企业家，曾参与天津填海造田工程。21世纪初，涉足地产和建筑行业，注资过亿创办佳伦地产和隆盛地产等公司。2008年全面布局金融业，先后创立高通盛融基金公司、小额贷款公司等。2013年注资12亿元布局P2P和P2B网络信贷行业，成立善林（上海）金融信息服务有限公司，旨在推动中国“普惠金融”发展而努力。2015年，全力布局互联网金融平台暨独立品牌——幸福钱庄。', 'https://www.jspfanli.com/upload/platform/logo/1_VTNijp4.jpg', '', 'C', '进取', '民营', '暂无', '无', '无', 'T+1', '120000万', '2013-12-13', '1', null, '', '2017-07-20 22:30:55', null), ('156', '圣贤财富 ', '杭州圣仙网络科技有限公司', '“圣贤财富”的母公司——杭州圣贤投资管理有限公司注册资本1亿元人民币，主要从事投融资管理、互联网金融以及汽车销售等业务，展开多元化经营。\r\n“圣贤财富”是由杭州圣贤投资管理有限公司旗下子公司杭州圣仙网络科技公司运营的专业的第三方债权交易金融信息服务平台。平台致力于为广大投资人提供诚信安全的互联网金融理财服务。', 'https://www.jspfanli.com/upload/platform/logo/QQ%E6%88%AA%E5%9B%BE20170615002726.jpg', 'ICP经营许可证,已签存管协议', 'C', '进取', '民营', '暂无', '无', '浙B2-20160505', 'T+1', '1000万', '2015-12-17', '1', null, '', '2017-07-20 22:30:54', null), ('160', '牧芽', '徐州牧芽网络科技有限公司', '牧芽是徐州牧芽网络科技旗下的一款移动端的产品，是一个互联网+畜牧业+金融模式的尝试，致力于通过互联网+，帮助传统畜牧行业企业快速转型，提供一种新的畜牧业发展模式。牧芽与上市畜牧企业达成合作，利用云监控技术，实现透明、真实的网上认养，消费者可以邀请三五好友，共同认养一头生态猪，出栏后，由合作牧场屠宰分割后，通过冷链物流快递到家，云监控保证产品的品质；消费者也可以认养几头猪，组建一个小型牧场，出栏后，会根据市场价格给消费者8%-15%的收益。消费者的牧场产出，也可以选择在牧芽开店，自己销售，获取更高收益。\r\n', 'https://www.jspfanli.com/upload/platform/logo/QQ%E5%9B%BE%E7%89%8720170615112329.png', '', 'C', '进取', '民营', '暂无', '无', '无', 'T+1', '600万', '2016-06-21', '1', null, '', '2017-07-20 22:30:37', null), ('162', '99财富', '徐州欧信电子商务有限公司', '徐州欧信电子商务有限公司是一家集金融信息服务及互联网技术应用于一身的创新型公司，线上运营总部——南京运营中心15年12月份正式启动，拥有现代化办公面积1000余平方米，现有员工50余人。公司运用互联网创新技术及大数据服务，为用户提供一体化多样化金融解决方案及服务，实现“AAA（Anytime、Anywhere、Anyway）”式用户服务；旗下理财品牌99财富（js99cf.com）于2015年1月上线，是中国社科院、中国互联网协会等国家级权威机构评定的AA级个人金融信息服务平台，中国小微与互联网金融行业协会会员单位，国内优秀互联网金融信息服务平台，以诚信、透明、公平、高效、创新的声誉赢得了良好的用户口碑。', 'https://www.jspfanli.com/upload/platform/logo/QQ%E6%88%AA%E5%9B%BE20170619002324.jpg', 'ICP经营许可证,已签存管协议,上市公司入股', 'C', '进取', '上市公司', '暂无', '无', '苏B2-20160102', 'T+1', '5000万', '2015-01-16', '1', null, '', '2017-07-20 22:30:50', null), ('163', '守财奴', '海南守财奴金融信息服务有限公司', '公司以互联网金融信息服务为主营内容，致力于打造互联网金融第一品牌，基于长期的互联网运营经验、丰厚的互联网金融客户资源以及犀利的风险识别能力，公司正式推出“守财奴”项目。“守财奴”原名“彩云bank”，公测期内便已引起业界的强烈关注，上线初期就获得天使轮融资，至此已经发展用户超10万人以上，成交量过亿。 共为用户创造了400多万收益，短短不到一年的时间已完成了千万级A轮融资，团队人数已过百。', 'https://www.jspfanli.com/upload/platform/logo/1_5vn18Mn.jpg', 'ICP经营许可证', 'C', '进取', '民营', '暂无', '无', '琼B2-20160091', 'T+1', '1000万', '2016-02-19', '1', null, '', '2017-07-20 22:30:50', null), ('165', '合众e贷', '深圳合众财富金融投资管理有限公司', '合众e贷平台是深圳合众财富金融投资管理有限公司打造的一个平台，专注于真实汽车抵押借贷服务，有富友第三方资金托管，资金安全度高；有160万的风险准备金确保风险；车贷业务期限短，金额小，变现快，保障性高。我平台融合了“互联网+金融+车贷”模式，旨在打造一个规范、安全、透明和真实的Ｐ２Ｐ平台。', 'https://www.jspfanli.com/upload/platform/logo/1_J3ruvyJ.png', '已签存管协议', 'C', '进取', '民营', '暂无', '无', '无', 'T+1', '5000万', '2016-04-12', '1', null, '', '2017-07-20 22:30:49', null), ('167', '东宏金融', '北京东宏金融服务外包有限公司', '东宏金融将传统供应链金融“模式成熟、资金流稳定”的商业优势与互联网便捷、透明、成本低的特点相结合，依托先进的互联网技术深挖供应链金融的潜在价值，积极调整策略，实时优化供应链的资源配置，为中小微企业和商户提供全方位、场景化的金融服务，满足用户多元化的信贷需求。', 'https://www.jspfanli.com/upload/platform/logo/QQ%E6%88%AA%E5%9B%BE20170711105655.png', '银行存管,实缴一亿', 'C', '进取', '民营', '暂无', '恒丰银行', '无', 'T+1', '10000万', '2016-09-30', '1', null, '', '2017-07-20 22:30:38', null), ('168', '点牛金融', '上海点牛互联网金融信息服务有限公司', '点牛金融（www.dianniu98.com）在线投融资平台隶属于上海点牛互联网金融信息服务有限公司，由上市公司普惠金融平台原创始人兼总裁联合风险投资人士共同发起成立，旨在提供最优质的资产配置融资解决方案，公司上线之初即获得天使投资人A轮融资2000万元人民币。', 'https://www.jspfanli.com/upload/platform/logo/3_QFzEd1Z.jpg', 'B轮融资', 'B', '稳健', '国资', 'A轮', '无', '无', 'T+1', '2000万', '2015-11-17', '1', null, '', '2017-07-20 22:30:49', null), ('170', '车投宝 ', '江西盛凯泽投资发展有限公司', '车投宝是透明合规的互联网科技金融平台。总部位于南昌江西省南昌市西湖区团结路 滨江壹号环球中心19层。车投宝以用户资金安全为中心，首创“全车质押”理财模式，通过建设或租赁车库的方式，借款人将自有车辆质押入库后再出借资金，即使在借款人发生违约时，依旧可以通过变卖质押车辆回收本息，从而确保平台投资人的资金安全。', 'https://www.jspfanli.com/upload/platform/logo/5_Fx9ObAw.jpg', '', 'D', '激进', '民营', '暂无', '无', '无', 'T+1', '5000万', '2014-09-11', '1', null, '', '2017-07-20 22:30:48', null), ('171', '国富通', '深圳前海国富通电子商务有限公司', '深圳前海国富通电子商务有限公司（以下简称国富通）正式成立于2014年，是国实集团旗下七家独立子公司之一。 \r\n国实集团为涉足通用航空领域、金融领域、房地产领域的综合性集团公司， 在全国范围内打造以通用航空产业链为核心的航空产业城，取得了各地政府与国际、国内大型财团的青睐与信任。', 'https://www.jspfanli.com/upload/platform/logo/6_Pw3UpJq.jpg', '已签存管协议', 'C', '进取', '民营', '暂无', '无', '无', 'T+1', '3000万', '2014-05-06', '1', null, '', '2017-07-20 22:30:48', null), ('176', '金统贷', '江苏金统贷网络科技有限公司', '金统贷成立于2015年11月，系国企100%一级控股金融平台，江苏省互联网金融中坚力量。平台通过强大的背景实力，专业的风控体系，雄厚的资金资本与卓越的运营团队，为广大投资人与借款人搭建了一座公平、专业、安全、透明的融资桥梁。\r\n', 'https://www.jspfanli.com/upload/platform/logo/1_fQns3aM.jpg', '国资背景', 'C', '进取', '国资', '暂无', '无', '无', 'T+1', '5000万', '2015-11-02', '1', null, '', '2017-07-20 22:30:47', null), ('177', '微银理财', '浙江嘉远微银科技有限公司', '浙江嘉远微银科技有限公司成立于2014年3月5日，注册资金5000万元，公司高管均来自银行、证券公司、知名互金公司。微银理财是浙江嘉远控股集团倾力打造，将传统金融与新兴互联网方式相融合的全新互联网理财平台。平台专注于小额借贷金融服务领域，坚持“小额分散”及透明、便捷、公平的交易原则，最大程度上保障投资者的资金安全，为理财客户与融资客户提供双赢的理财服务。', 'https://www.jspfanli.com/upload/platform/logo/1_62arhhX.jpg', '已签存管协议', 'C', '进取', '民营', '暂无', '无', '无', 'T+1', '5000万', '2015-12-11', '1', null, '', '2017-07-20 22:30:47', null), ('178', '钱增增', '四川邦宁投资管理有限公司', '四川邦宁投资管理有限公司（以下简称邦宁）坐落于“财富之地，成功之都”——天府蓉城，心怀为民谋福祉的美好愿望，现已拓展“钱增增”这一线上网络借贷中介服务平台,引进互联网专业运营团队，创新“线上+线下”这一发展模式，全方位立体打造高起点的网贷平台。', 'https://www.jspfanli.com/upload/platform/logo/1_pJmRVyT.jpg', '已签存管协议', 'C', '进取', '民营', '暂无', '无', '无', 'T+1', '5000万', '2014-11-11', '1', null, '', '2017-07-20 22:30:46', null), ('179', '小九金服', '杭州小九投资管理有限公司', '小九金服自2015年10月29日上线以来，始终聚焦小微金融，致力于打造全场景金融新生态，以O2O模式让金融对接资产，以小额、抵押、分散的风控原则服务广大小微客户，以创新的多元业务模式快速扩张，以专业开放的方式把民间资金引入普惠金融体系中，解决小微金融信息不对称问题，也大大降低民间资金投资的风险。', 'https://www.jspfanli.com/upload/platform/logo/1_O0cl5BZ.jpg', 'A轮融资', 'C', '进取', '民营', 'A轮', '无', '浙B2-20160528', 'T+1', '3001万', '2015-08-03', '1', null, '', '2017-07-20 22:30:46', null), ('182', '马甲袋', '上海伽鹤投资管理有限公司', '马甲袋金融是上海伽鹤投资管理有限公司旗下，新型绿色互联网金融信息平台，其致力于为中小企业提供安全、高效、绿色、可持续发展的投融资信息中介服务。马甲袋金融创立于2014年，自成立以来业务健康、有序、迅速铺展。在2年的时间里，逐步累积经验，逐渐从一个名不见经传的借贷信息发布平台发展成为一家集财富管理、信用风险评估、信用数据整合、小微借款咨询服务、交易促成等业务于一体的综合性金融信息服务企业。', 'https://www.jspfanli.com/upload/platform/logo/2_03Nx15K.jpg', '', 'E', '高返', '民营', '暂无', '无', '无', 'T+1', '5000万', '2016-04-17', '1', null, '', '2017-07-20 22:30:44', null), ('183', '乐助贷', '广西桂金所资产管理有限公司', '“乐助贷”（www.lezhudai.com），是由广西桂金所资产管理有限公司开发和运营的互联网金融信息撮合平台，于2015年6月正式上线。经过多方论证评估，平台以互联网金融“P2P”模式为基础，以规范的风控体系、严格的审批流程，高效率的为18周岁以上、信用良好的高素质人群提供互联网金融信息（网络借贷信息）撮合服务。“乐助贷”以风险可控、专业至上、互惠互赢的企业经营理念，为平台两端的借款人与出借人提供信用咨询与评估、协议与借款、回款与催收等多类型的金融信息撮合服务，从而实现“互融互通，互利互盈”。', 'https://www.jspfanli.com/upload/platform/logo/1_3y1000q.jpg', 'ICP经营许可证', 'D', '激进', '民营', '暂无', '无', '桂B2-20170016', 'T+1', '1000万', '2016-05-21', '1', null, '', '2017-07-20 22:30:44', null), ('184', '油分期', '深圳全民热钱互联网金融信息服务有限公司', '油分期 亚联资本联合创始人范棣 为银票网董事长 亚联资本持有平台35%左右的股份 平台实力相当不错 公司股东 均为VC 参股多家大型公司，王一淼为亚联资本创始人是北京寰能投资有限公司 法人 该公司中国电力传媒集团持股30%。资金由中信信托全程托管，资产端领先央企20强，资产信用比肩国有银行。', 'https://www.jspfanli.com/upload/platform/logo/QQ%E6%88%AA%E5%9B%BE20170703175614.png', 'A轮融资', 'C', '进取', '民营', '暂无', '无', '无', 'T+1', '5000万', '2016-01-30', '1', null, '', '2017-07-20 22:30:43', null), ('185', '正道金服', '杭州云翳网络科技有限公司', '正道金服是一家符合监管政策要求依法设立的网络借贷信息服务中介平台，由杭州云翳网络科技有限公司研发运营。公司设立于2016年7月，平台于2016年11月正式上线公测，注册资本1000万。我们的创始团队均来自法律行业、金融行业及互联网金融行业从业多年的专业人士。', 'https://www.jspfanli.com/upload/platform/logo/1_GTKiZly.jpg', '', 'C', '进取', '民营', '暂无', '无', '浙B2-20170101', 'T+1', '5000万', '2016-07-11', '1', null, '', '2017-07-20 22:30:42', null), ('187', '玉象金融', '深圳市玉象金融服务有限公司', '玉象金融（www.yuxiangjr.com）是由深圳市玉象金融服务有限公司运营的综合性互联网金融产品服务平台，公司总部位于深圳南山区，注册资本5000万元。结合自身优势，精选优质产品项目，致力于为有资金需求的中小微企业提供安全有效的贷款咨询服务。通过玉象金融互联网中介平台向用户提供理财及项目风险识别等服务。为满足投资用户的个性化需求，玉象金融特推出有国资保障，大型小贷，公司债权等产品。', 'https://www.jspfanli.com/upload/platform/logo/1_6TbU0Yp.jpg', '', 'E', '高返', '民营', '暂无', '无', '无', 'T+1', '5000万', '2015-09-22', '1', null, '', '2017-07-20 22:30:42', null), ('189', '巨如意', '巨和投资管理（上海）有限公司', '巨如意，巨和资本，上海金融信息行业协会副会长单位，阳光互金白名单，成立于2008年，注册资金实缴2亿元。2016年7月1日，在澳大利亚NSX主板上市(股票代码：JCL)，为国内首家在澳洲上市的互联网金融企业，双APP，四川天府银行存管协议，技术对接中，有私募牌照。', 'https://www.jspfanli.com/upload/platform/logo/1_bb62WPF.png', '上市背景', 'C', '进取', '民营', '暂无', '无', '无', 'T+1', '20000万', '2016-01-15', '1', null, '', '2017-07-20 22:30:41', null), ('190', '巨人理财', '上海森舟互联网金融信息服务有限公司', '巨人理财（www.jurenlicai.cn）是一家全资由国资控股的互联网金融信息中介平台。成立于2016年1月，隶属于上海森舟互联网金融信息服务有限公司，注册资金5000万元人民币。', 'https://www.jspfanli.com/upload/platform/logo/1_GcMwVOV.png', '国资背景', 'D', '激进', '国资', '暂无', '无', '无', 'T+1', '5000万', '2016-06-06', '1', null, '', '2017-07-20 22:30:41', null), ('191', '种子易贷', '前海云财富金融信息服务（深圳）有限公司', '种子易贷（www.zzydai.com）平台运营主体为前海云财富金融信息服务（深圳）有限公司。公司成立于2015年8月，注册资本和实缴资本均为人民币5,000万元。', 'https://www.jspfanli.com/upload/platform/logo/1_Diguf5K.png', '银行存管', 'C', '进取', '民营', '暂无', '恒丰银行', '无', 'T+1', '5000万', '2017-03-07', '1', null, '', '2017-07-20 22:30:40', null), ('194', '兢业金服', '上海兢业网络科技有限公司', '与上海银行即将签订存管协议, 知名国企即将入股，平台主打以车辆、房屋抵押等资金周转业务为方向,新浪托管，有APP，合作企业有浙江尚联投资管理有限公司，杭州和雷实业股份有限公司平台CEO, 2006年在宜信杭州分区担任信贷风控经理，2008年在中申联合控股集团有限公司旗下中申信贷担任风控总监', 'https://www.jspfanli.com/upload/platform/logo/2_4zhdpYf.jpg', '已签存管协议', 'E', '高返', '民营', '暂无', '无', '无', 'T+1', '2000万', '2014-11-10', '1', null, '', '2017-07-20 22:30:40', null), ('195', '象象财富', '杭州喜金诚网络科技有限公司', '象象财富（xxcfu.com)是由杭州喜金诚网络科技有限公司运营，注册实缴资金5000万元。国资隶属于金钥匙控股有限公司，浙江省金融科技协会成员。基于互联网技术服务为主，为用户提供多样化资产配置的综合互联网理财服务平台。团队核心以金融、技术、互联网领域专业背景，具有开发、风控、互联网技术及运营能力。全力打造安全，稳健，茁壮成长的理财新模式，逐渐成为国内领先的互联网金融理财服务平台。', 'https://www.jspfanli.com/upload/platform/logo/1_6AasoWQ.jpg', '', 'E', '高返', '民营', '暂无', '无', '无', 'T+1', '5000万', '2017-06-01', '1', null, '', '2017-07-20 22:30:39', null), ('197', '通通理财', '浙江通通金融信息服务有限公司', '通通理财（www.tongtongli.com），隶属于浙江通通金融信息服务有限公司，汇集了来自于银行、证券、互联网、电子商务等行业的精英人才，专注于互联网小额分散消费微金融模式的理财平台，致力于成为中国互联网金融P2P网贷行业的领军企业，目前专注服务于小额分散供应链金融。', 'https://www.jspfanli.com/upload/platform/logo/1_v9NlO5J.jpg', '已签存管协议', 'C', '进取', '民营', '暂无', '无', '无', 'T+1', '10000万', '2016-04-10', '1', null, '', '2017-07-20 22:30:39', null), ('199', '三国财富', '三国财富（北京）投资管理有限公司', '三国财富（北京）投资管理有限公司(以下简称三国财富)创立于2015年4月,是一家综合型的互联网投资理财公司，公司实缴注册资本5000万。 为全中国有融资需求的小微企业及投资需求的个人建立起高效、透明、安全、便捷的互联网金融服务。目前三国财富的服务定位主要在于为中小微企业提供供应链金融服务。', 'https://www.jspfanli.com/upload/platform/logo/%E4%B8%89%E5%9B%BD%E8%B4%A2%E5%AF%8Clogo.png', '', 'D', '激进', '民营', '暂无', '无', '无', '工作日15点前当天;15点后第二天', '5000万', '2017-07-12', '1', null, '', '2017-07-20 22:30:38', null), ('205', '君来投 ', '北京君来投信息科技有限公司', '君来投公司创建于2015年7月，总部位于北京，是国内从事贷款咨询与财富信息管理的专业性服务平台，主要为借贷双方在信息与需求匹配、线上对接与最终成交等方面提供小额资金有偿流动咨询和财富信息服务，实现以贷款、信审评估、风险控制和财富信息咨询为核心的综合一体化金融服务平台。', 'https://www.jspfanli.com/upload/platform/logo/1_Zhs94Rl.jpg', '已签存管协议', 'D', '激进', '民营', '暂无', '无', '无', 'T+1', '1000万', '2015-07-01', '1', null, '', '2017-07-20 22:30:37', null), ('233', '马上多返利', '上海马上多网络科技公司', '上海马上多网络科技公司', '/upload/platform/logo/o_1bom7c06arar4n1a7nqlp17vq7.png', '已签存管协议', 'A', '保守', '上市公司', '上市公司', '招商银行', 'ICP100789', 'T+1', '50万', '2017-10-01', '1', null, '', '2017-08-29 13:57:00', '2017-08-29 14:06:06');
COMMIT;

-- ----------------------------
--  Table structure for `p2p_post_order`
-- ----------------------------
DROP TABLE IF EXISTS `p2p_post_order`;
CREATE TABLE `p2p_post_order` (
  `id` int(11) NOT NULL AUTO_INCREMENT,
  `account` char(11) NOT NULL DEFAULT '',
  `investor_name` varchar(50) NOT NULL DEFAULT '' COMMENT '投资人',
  `investor_phone` char(11) DEFAULT NULL COMMENT '投资人手机',
  `invest_date` date DEFAULT NULL COMMENT '投资日期',
  `deposit` double(15,2) NOT NULL DEFAULT '0.00' COMMENT '投资金额',
  `platform_id` int(11) DEFAULT '0' COMMENT '平台id',
  `platform_name` varchar(50) DEFAULT NULL COMMENT '平台名称',
  `logo` varchar(100) DEFAULT '' COMMENT 'logo图片地址',
  `url` varchar(100) DEFAULT '' COMMENT '网址',
  `activity_id` int(11) NOT NULL DEFAULT '0' COMMENT '活动id',
  `is_first` varchar(20) DEFAULT NULL COMMENT '首复投',
  `plan_id` int(11) NOT NULL DEFAULT '0' COMMENT '方案id',
  `plan_name` varchar(50) DEFAULT NULL COMMENT '方案名称',
  `plan_item` varchar(50) DEFAULT NULL COMMENT '方案投资项目',
  `deposit_range` varchar(100) DEFAULT NULL COMMENT '方案投资金额范围',
  `rebate` double(11,2) NOT NULL DEFAULT '0.00' COMMENT '返利比例',
  `cash_back` double(11,2) NOT NULL DEFAULT '0.00' COMMENT '返现',
  `add_rebate` double(11,2) NOT NULL DEFAULT '0.00' COMMENT '搭车满额奖励比例',
  `rebatePlus` double(11,2) DEFAULT '0.00' COMMENT '奖励金额',
  `rate` double(11,2) NOT NULL DEFAULT '0.00' COMMENT '年化利率',
  `interest` double(11,2) NOT NULL DEFAULT '0.00' COMMENT '投资收回利息',
  `redback` double(11,2) NOT NULL DEFAULT '0.00' COMMENT '红包',
  `bbin` double(11,2) NOT NULL DEFAULT '0.00' COMMENT '体验金',
  `bbin_interest` double(11,2) NOT NULL DEFAULT '0.00' COMMENT '体验金收益',
  `totalIncome` double(11,2) DEFAULT '0.00' COMMENT '总收益',
  `year_rate` double(11,2) DEFAULT '0.00' COMMENT '年化利率',
  `days` int(11) DEFAULT NULL COMMENT '周期',
  `received_date` date DEFAULT NULL COMMENT '回款日期',
  `post_date` timestamp NULL DEFAULT CURRENT_TIMESTAMP COMMENT '交单时间',
  `update_date` timestamp NULL DEFAULT CURRENT_TIMESTAMP ON UPDATE CURRENT_TIMESTAMP,
  `username` varchar(30) DEFAULT '' COMMENT '投资平台用户名',
  `img` varchar(255) DEFAULT '' COMMENT '投资平台截图',
  `status` char(1) DEFAULT '0' COMMENT '状态(0:审核中;1:成功;2:失败;3:虚假单)',
  `remark` varchar(255) DEFAULT '' COMMENT '备注原因',
  PRIMARY KEY (`id`)
) ENGINE=InnoDB AUTO_INCREMENT=2 DEFAULT CHARSET=utf8 COMMENT='交单信息记录';

-- ----------------------------
--  Records of `p2p_post_order`
-- ----------------------------
BEGIN;
INSERT INTO `p2p_post_order` VALUES ('1', '13651619487', '谭国彪', '13651619487', '2017-08-29', '13000.00', '233', '马上多返利', '', '', '240', '首投', '116', '方案一', '马上多30天标', '10,000 - 无上限', '3.70', '481.00', '0.00', '0.00', '10.00', '106.84', '0.00', '0.00', '0.00', '587.84', '55.02', '30', '2017-09-28', '2017-08-29 14:16:03', '2017-08-29 14:19:48', '', '', '1', null);
COMMIT;

-- ----------------------------
--  Table structure for `p2p_sms_send`
-- ----------------------------
DROP TABLE IF EXISTS `p2p_sms_send`;
CREATE TABLE `p2p_sms_send` (
  `id` int(11) NOT NULL AUTO_INCREMENT,
  `mobile` char(11) NOT NULL,
  `type` varchar(20) DEFAULT NULL,
  `send_time` timestamp NULL DEFAULT CURRENT_TIMESTAMP ON UPDATE CURRENT_TIMESTAMP,
  `mobile_code` varchar(20) DEFAULT NULL COMMENT '验证码',
  `valid_min` int(2) NOT NULL DEFAULT '1' COMMENT '有效时间(分钟)',
  PRIMARY KEY (`id`)
) ENGINE=InnoDB AUTO_INCREMENT=2 DEFAULT CHARSET=utf8;

-- ----------------------------
--  Records of `p2p_sms_send`
-- ----------------------------
BEGIN;
INSERT INTO `p2p_sms_send` VALUES ('1', '123', '1', '2017-08-11 00:15:45', null, '1');
COMMIT;

-- ----------------------------
--  Table structure for `p2p_swiper`
-- ----------------------------
DROP TABLE IF EXISTS `p2p_swiper`;
CREATE TABLE `p2p_swiper` (
  `id` int(10) NOT NULL AUTO_INCREMENT,
  `type` char(1) DEFAULT NULL COMMENT '1:PC,2:mobile,3:PC_car,4:mobile_car',
  `url` varchar(200) DEFAULT NULL,
  `orderby` varchar(2) DEFAULT NULL,
  PRIMARY KEY (`id`)
) ENGINE=InnoDB AUTO_INCREMENT=4 DEFAULT CHARSET=utf8;

-- ----------------------------
--  Records of `p2p_swiper`
-- ----------------------------
BEGIN;
INSERT INTO `p2p_swiper` VALUES ('1', '2', '2', '1'), ('2', '2', '2', '2'), ('3', '4', '4', '1');
COMMIT;

-- ----------------------------
--  Table structure for `p2p_team_activity`
-- ----------------------------
DROP TABLE IF EXISTS `p2p_team_activity`;
CREATE TABLE `p2p_team_activity` (
  `id` int(11) NOT NULL AUTO_INCREMENT,
  `platform_id` int(11) DEFAULT NULL,
  `activity_ids` varchar(255) DEFAULT NULL COMMENT '活动id',
  `title` varchar(100) DEFAULT NULL,
  `target_account` double(11,2) NOT NULL DEFAULT '0.00' COMMENT '目标金额',
  `add_rebate` double(11,2) NOT NULL DEFAULT '0.00' COMMENT '加返',
  `begin_date` date DEFAULT NULL COMMENT '开始日期',
  `end_date` date DEFAULT NULL COMMENT '结束日期',
  `status` char(1) DEFAULT NULL COMMENT '状态',
  PRIMARY KEY (`id`)
) ENGINE=InnoDB AUTO_INCREMENT=3 DEFAULT CHARSET=utf8 COMMENT='组团活动';

-- ----------------------------
--  Records of `p2p_team_activity`
-- ----------------------------
BEGIN;
INSERT INTO `p2p_team_activity` VALUES ('1', null, '13,20', '老司机第一车', '500000.00', '0.30', '2017-08-01', '2017-09-30', '1'), ('2', null, '31,34,35', '老司机第二车', '400000.00', '0.20', '2017-08-01', '2017-08-31', '1');
COMMIT;

-- ----------------------------
--  Table structure for `p2p_warn_info`
-- ----------------------------
DROP TABLE IF EXISTS `p2p_warn_info`;
CREATE TABLE `p2p_warn_info` (
  `id` int(11) NOT NULL AUTO_INCREMENT,
  `account` varchar(30) NOT NULL DEFAULT '',
  `remark` varchar(255) DEFAULT NULL,
  `date` timestamp NOT NULL DEFAULT CURRENT_TIMESTAMP,
  PRIMARY KEY (`id`)
) ENGINE=InnoDB DEFAULT CHARSET=utf8;

-- ----------------------------
--  Function structure for `getChildList`
-- ----------------------------
DROP FUNCTION IF EXISTS `getChildList`;
delimiter ;;
CREATE DEFINER=`shendiandian`@`%` FUNCTION `getChildList`(rootId VARCHAR(100)) RETURNS varchar(1000) CHARSET utf8
BEGIN 
       DECLARE pTemp VARCHAR(1000);  
       DECLARE cTemp VARCHAR(1000); 
      
       SET pTemp = '$';  
       SET cTemp =cast(rootId as CHAR); 
      
       WHILE cTemp is not null DO  
         SET pTemp = concat(pTemp,',',cTemp);  
         SELECT group_concat(organ_id) INTO cTemp FROM jt_organ   
         WHERE FIND_IN_SET(parent_id,cTemp)>0; 
       END WHILE;  
       RETURN pTemp;  
     END
 ;;
delimiter ;

SET FOREIGN_KEY_CHECKS = 1;
